SMILES,DFT_gap
CC(C)CCCC1CC1,9.5022147841902
CC1CC(C)OCO1,9.502221
CCCOCC(F)(F)F,9.502221
CCC1(CC)CC(C)C1,9.502221
CCC1(C(C)C)CCC1,9.502221
CCCC1CCOCO1,9.502221
CCC1OCCC(C)O1,9.502221
CCCCOC1OCCC1C,9.50275901184107
CCC(C)CC#N,9.504942
CC1C2CC3(CCC13)C2,9.504942
CC(C1CC1)C1CO1,9.504942
COCC(F)(F)F,9.504942
C1CC23C1CC1C2CC13,9.504942
CC(C)CCC(C)C1CC1,9.50575226392085
C1COC(C2CO2)OC1,9.507663
CC1(C)CCC2CC1C2,9.507663
CC12CC(C)(C1)C21CC1,9.507663
CC1OC1CC1CCC1,9.507663
CC12CC(C)(C1)C2(C)C,9.507663
CCC12CCCCC1CCC2,9.50983397130238
CC1CC2CCC2(C)C1,9.510384
CC(C)C1OCCCO1,9.510384
CC(C)C1CCC1(C)C,9.510384
CC1C2C3CC4C2C4C13,9.510384
C1CCC2(CC1)CCC2,9.510384
CC1CC2(C1)CC(C)C2,9.513104
CC(C)(C)CCC#N,9.513104
CC1CC1CC1CC1,9.513104
CCC(C1CC1)C1CC1,9.513104
CCC(C)CCC#N,9.513104
C1C2CC3(CC3)CC12,9.513104
CCC1CCC12CC2,9.513104
CC1CC1C1C2CC1C2,9.513104
CCC12CCCC3C1CCC32,9.51445990633478
CCCCC(C)(C)C1CC1,9.51527624781108
CC(C)CCC1CCC1C,9.51554836163652
CC(C)C(C)C#N,9.515826
CC1CCC(CC#N)C1,9.515826
CCC(C)(C)C1CC1,9.515826
C1CC2CC1C21CO1,9.515826
CC1CC2CCCCC12,9.515826
CC1OCCCO1,9.515826
CCC1CCOCO1,9.515826
N#CCCC1CCCC1,9.515826
CCCCCC(CC)C1CC1,9.51826949989087
C1CC1C1C2CCC1C2,9.518547
CCCC1OC1CCC,9.518547
CC(C)(C1CC1)C1CC1,9.518547
C1C2CC1C(C1CO1)C2,9.518547
CC(C)C1CC1C,9.518547
C1CC2C3C1C2C31CO1,9.521269
CCCCC(C)C#N,9.521269
C1C2C3OC4OC3C1C42,9.521269
CCC1CCCC(C)CCC1,9.52180697962152
CCCCCC1OCCCO1,9.52289543492326
CC12CCC34CC(C13)C24,9.52399
CCC(C#N)(CC)CC,9.52399
CC1CC1C1CO1,9.52399
CC12CC3CC1C1C3C12,9.52399
CCC1CCCCC(C)CC1,9.52670502847935
CC1C2CC3CC1C3C2,9.526711
C1CCC(C2CC2)C1,9.526711
CC1OC1CC1CO1,9.526711
CC12CC(C1)C21CO1,9.526711
CC(C)C1CO1,9.526711
CC12OC3C(O1)C1C3C12,9.526711
CCCC(C)(C)C1CC1,9.526711
CCC1OC1CC1CC1,9.526711
CCCC1OCCCO1,9.526711
CC1OC1C1C2CC1C2,9.526711
C1CC23CC4CC2C1C43,9.526711
OCC(CO)C(F)(F)F,9.526711
CC(C)C(O)C(F)(F)F,9.526711
CC12CCC(C1)C21CC1,9.526711
CC12CC3C4CC3C1C42,9.526711
CCCC1OCCCO1,9.52752136995566
CCCCCCC#N,9.529432
N#CCC1CCCC1,9.529432
C1C2C3CC4(CO4)C2C13,9.529432
CCC12CCCC1CC2,9.529432
CC12CC3CC1CCC32,9.529432
CC1OC12C1C3CC1C32,9.532153
CC12CC3CC1C3(C)C2,9.532153
CCC(C)(C#N)C(C)C,9.532153
CC1(C)C2CCC1CC2,9.532153
CCC1OCCCO1,9.532153
CC1CCCC2CCC12,9.532153
C1CC1C1(C2CC2)CO1,9.532153
CC1CC1CCC1CC1,9.532153
CCC1CC1CC1CO1,9.534874
CC1C2C3C1C1(CO1)C23,9.534874
CC1C2CC3(C)CC2C13,9.534874
C1CC23CC(CC12)C3,9.534874
CC12CC3C4C(CC31)C42,9.534874
CCC1CC1C(C)C,9.534874
CC1C2CC1C1(CC1)C2,9.537595
C1OC1C1C2C3CC2C31,9.537595
CC1CC1CCC1CO1,9.537595
CCC1CCC12CCC2,9.537595
CC1CCC(C2CC2)C1,9.537595
CCC1CC2(CCC2)C1,9.537595
CC1(C)CO1,9.537595
FC(F)(F)C1CC2CC21,9.537595
CCCCC1(C)CCC1C,9.53922226444936
CC1OC1(C)C1CC1,9.540317
C1CC2CC12,9.540317
CC(C)CCCC#N,9.540317
CC1CC(C)C1(C)C,9.540317
CC1CC2CC(C1)C2C,9.540317
C1CC2CCC1C21CC1,9.540317
CCC1CC12C1CC2C1,9.540317
CC1CCCC(C)CCC1,9.54303185800545
CC1CCCCCC(C)C1,9.54303185800545
CC1CCCCC(C)CC1,9.54303185800545
CC1CCC1C1CCC1,9.543037
CC1CC1C(C)C1CC1,9.543037
CC1C2C3C1C2C31CC1,9.543037
CC(C)CC#N,9.543037
CC1C2CC1C21OC1C,9.543037
CC(CC1CO1)C1CC1,9.543037
O1C2OC3C1C1C2C31,9.543037
CC(C)CC1C(C)CC1C,9.54548088243437
CCCCC(C)C1CC1,9.54548088243437
C1OC2C3CC2C3O1,9.545759
CCC1CC2CC(C1)C2,9.545759
CC1CCC2(C)CCC12,9.545759
CCCC1CC1CCC,9.545759
CC1C2CC3C(C2)C13,9.545759
C1CC12CC1OC1C2,9.545759
CC1CC12C1CCC2C1,9.545759
CCC1CC2CCC2C1C,9.54711356538698
CC12CCCC(C1)C2,9.54848
CC(C1CCC1)C1CC1,9.54848
CC1C2CC3CC(C2)C31,9.54848
CC1C2CC1(C)C21CC1,9.54848
C1CC2CC1C2C1CO1,9.54848
CC1(CC(F)(F)F)CO1,9.54848
CC1CC2CCCC12,9.54848
CCC1OC1(C)C1CC1,9.54848
CC1CCC12CCC2,9.54848
CC(C1CO1)C1CO1,9.54848
CC1CCOCO1,9.551202
CC1CC(C(C)(C)C)C1,9.551202
CCC1C2CCCC1C2,9.551202
CC(O)C1CO1,9.551202
CC1C2(C)CCC1(C)C2,9.551202
CC1CC(C2CO2)C1,9.551202
CC1(C2CO2)C2CC1C2,9.551202
CCOC(C)C(F)(F)F,9.551202
CC1CC(CC2CO2)C1,9.551202
CC1CC(C)C2CCC12,9.551202
CCC1CC(CC)C(C)C1,9.55364429719741
CC1CC(C2CC2)C1,9.553922
CCCC(C)(C#N)CC,9.553922
C1CC2(CO2)CC2OC12,9.553922
CC(C)(C)C(C)(C)C#N,9.553922
CCCC1OC1C,9.553922
CCCC(CC)C1CC1,9.553922
CCCCCCC1CC1C,9.55554909397546
C1OC2C3CC(C3)C2O1,9.5566435
CC1CC2CC(C)C2C1,9.5566435
CC12CC3(C)C1CCC23,9.5566435
CC(C)CC1CO1,9.5566435
C1CC(CCC2CO2)C1,9.5566435
CC1CC(C2CCC2)C1,9.5566435
CC1C2CC1C21CO1,9.5566435
CC1CCC2CC1C2C,9.5566435
CCC1CCC(C)(C)CC1,9.55772600457894
CCCCCCCC1CO1,9.55854234605524
C1COCOC1,9.559364
C1C2CC(C2)C2CC1C2,9.559364
CC1CC1CC1CO1,9.559364
CC12CCCC1CC2,9.559364
CCC1(C2(C)CC2)CO1,9.559364
CCCCCCC1(C)CC1,9.56099137048416
C1CCC2(C1)CC2,9.562085
CC1OC1CC1CC1,9.564807
CC1CC2CCC1(C)C2,9.564807
FC(F)(F)C1C2CCC21,9.564807
CCC(C)C(C)(C)C#N,9.564807
CC1CCC2CCC2C1,9.564807
C1C2CC3C1C23,9.564807
CCCCCC1CC1C,9.567528
CC12CC3CC(C1)C2C3,9.567528
CCCC(C)C#N,9.567528
CCCC1OC1CC,9.57025
C1CC2C3C1C1CC3C12,9.57025
CC(C)CCC#N,9.57025
C1CC2C1CC1CCC12,9.57242015115243
CCC1CCC(C)C(C)C1,9.57269226497787
CCC(C)C1(C)CCC1,9.57297
CC12CCC(C)(CC1)C2,9.57297
FC(F)(F)C1COCO1,9.57297
CC1C2C3C4CC3C4C12,9.57297
CC1CC2(CC2)C1,9.57297
CC(C)(C)CC1CCC1,9.57297
CC1CC(C)(C2CO2)C1,9.575691
CC1CC2CC(C1)C2,9.575691
CCCCC(C)(C)C#N,9.575691
C1C2CC3(C2)C2CC13C2,9.575691
CCCC1(CC)CCC1,9.578412
COC(C)C(F)(F)F,9.578412
C1C2C3(CC3)C1C21CO1,9.578412
CCCCCCC1CO1,9.578412
C1OCC2OC12,9.581134
CCC12CC3CC1C3C2,9.581134
OC1(C(F)(F)F)CC1,9.581134
CC(C)C1(C)CCC1,9.581134
CC12CC(C3CO3)(C1)C2,9.581134
CCC1C2CC3C2CC13CC,9.58194413504266
C1CC23CC4C(CC42)C13,9.583855
CCC1CCC2CCC12,9.5865755
CC(C1CC1)C1CC1,9.5865755
CCC(CC)C1CC1,9.5865755
CC1(C)CCC2CCC21,9.5865755
CC1C2CCCC1C2,9.5865755
C1C2C3C2C2C4CC12C43,9.5865755
CCCCCC#N,9.5865755
CC(C)CC(C)CC1CC1,9.58684218390049
CCC(C#N)C(F)(F)F,9.589297
C1CC2CC2C1,9.589297
CC(C)C(C)(C)C#N,9.592018
CC1(C2C3CC2C3)CO1,9.592018
C1CC2C3CCC2(C1)C3,9.592018
CCCCC1CC1CC,9.592018
CC1(CCC2CO2)CO1,9.592018
CC(C)(C)C1CC1,9.592018
CC12CCC3C1CCC32,9.592018
CC1(C2(C)CO2)CC1,9.59474
CC1(C)CC1,9.59474
CCC1CC(C)(CC)C1,9.59474
CC1CC12C1CC2C1,9.59474
CC1CCC2(C)CC1C2,9.59474
C1CCC(CC2CC2)C1,9.59474
OC1(C(F)(F)F)CCC1,9.597461
CC1C2CC3CC2(C)C31,9.597461
C1CC(C2CC2)C1,9.597461
CC12C3OC4OC3C1C42,9.597461
CC(C)CC(C)C1CC1,9.597461
CCC(C)C#N,9.597461
CCC(CC)CC1CO1,9.597461
CC1CC2(CCC2)C1,9.600182
CCCCC1CC1C,9.600182
CCC1CCC1(C)CC,9.600182
CC1OC12C1CC2C1,9.600182
CCCCCCCC1CC1C,9.60044787517223
CCC1C2CCCC1C2C,9.60071998899767
CC1CCCCCC(C)CC1,9.6009921028231
CC1C2CCC1(C)CC2,9.602902
C1C2CC3C1C1C2C31,9.602902
CC1C2CC1(C1CC1)C2,9.602902
C1OCC23CC(C2)C3O1,9.602902
CC1OC1CCC1CC1,9.605623
CC(C)(C)CC(C)(C)C,9.605623
CCC1CCC(C)CC1C,9.60589015168094
CCCCCC1CC1C,9.60697860698268
CC1CCC12CC2,9.608345
CCC1(C2CC2)CO1,9.608345
CCC1CCCC(C)(C)C1,9.60969974523703
CCCC(C)C1CC1C,9.61078820053877
CCC1C(C)C(C)C1C,9.6110603143642
CCCCCC1CO1,9.611066
CC12C3CC1C1C3CC12,9.611066
CC(CC1CC1)C1CO1,9.613788
CC12CCC3C1CC32C,9.613788
C1CC2OC2C1,9.613788
CC12OC3OC1C1C3C12,9.613788
C1C2CC3C1C2C31CC1,9.613788
CCC(C)(C#N)CC,9.6165085
CCCC1(C)CC(C)C1,9.6165085
C1CC1C1CO1,9.6165085
CCCC1CC(C)C1C,9.6165085
CCC1(CC)CCC1,9.6165085
CC1CCCCC(C)CCC1,9.61704681852377
CC1CCC(C)CC(C)C1,9.61840738765095
CCCCCCC(C)C1CC1,9.61895161530181
CCCC1CC1CC,9.61923
CCC1CC(C)C1C1CC1,9.62085641207986
CCCCC(CCC)C1CC1,9.62167275355616
CC(C)C(C)CC1CC1,9.62195
CC1CC2(CCCC2)C1,9.62195
CC1CC2(C)CCC1C2,9.62195
C1CC(CC2CO2)C1,9.624672
CC(C)(C#N)C(F)(F)F,9.624672
CCCCC1CCC(C)C1,9.62493811946139
CCCC1(C)CCC1CC,9.62521023328682
CC1(C)CC2CCC2C1,9.627393
FC(F)(F)C1CN1,9.627393
CC(C#N)CC(F)(F)F,9.627393
CC(C)CC1CCC1C,9.627393
CCC1OC1C,9.627393
CCCC(C)(C)C#N,9.627393
CCCC1CC1C,9.627393
CC1CCCCCCCC(C)C1,9.62765925771573
CC1CC2C(C)CCC12,9.630114
CC1C2C3CC2C1(C)C3,9.630114
C1OC1CC1CO1,9.632835
CCCCC#N,9.632835
CCC1OC1CC,9.632835
CCC(C)CCC1CC1,9.632835
C1CCC2CCC(C1)C2,9.635556
CC1CC2C3C4CC13C24,9.635556
CC1C2CCC1C21CC1,9.635556
CCC(C)C1CCC1C,9.635556
CCCC1(C)CCC1C,9.635556
CCCC(C)C1(C)CCC1,9.63691112778053
CC1CC2C3CC(C3)C12,9.638278
CC1CCC2CCC1C2,9.638278
CC1C2CC3C2CC13C,9.638278
CC(C)(C)C12CC(C1)C2,9.638278
CC1C2CC3(C)C1CC23,9.640999
CCC1(C)CC(C)C1,9.640999
CC1(C)OC1C(F)(F)F,9.640999
C1C2C1C1C3CC1C23,9.640999
CC1C2CCCCC1C2,9.640999
CCC1CC2CCC2C1,9.640999
C1CCC2CCC2C1,9.640999
CCCC1CCC1(C)C,9.640999
CC12CC(C3CC3)(C1)C2,9.64372
N#CCCCC(F)(F)F,9.64372
CC(C)C#N,9.6464405
C1CC(CCC2CC2)C1,9.6483399084488
CC1CCC(C)(C)C1C,9.649162
CC1CC2CCC2C1,9.649162
CC1(C)CCCC1(C)C,9.649162
C1CC2C3CCC2C1C3,9.649162
N#CCC(F)(F)F,9.651883
CCCCC1CO1,9.651883
CCC(C)(C)C1CCC1,9.651883
CCC1(C)CCC(C)CC1,9.65296584348119
CCCC1(C)CCCCC1,9.65323795730663
CCC(CO)C(F)(F)F,9.654604
CCC(C)(O)C(F)(F)F,9.654604
CCC1CC(C)C1C,9.654604
CC1CCC2CCC12,9.654604
CC12CCC3CC1CC32,9.657326
CC12CCCCC(C1)C2,9.657326
CC12CC3C1C1(CC1)C32,9.657326
CC1(C2CC2)CO1,9.657326
CC1CC(C)C1CC1CC1,9.65895234764076
C1CCC(C2CCCC2)CC1,9.65949657529163
C1CC2C3C4CC3(C1)C24,9.660047
C1CCC2CCC2CC1,9.660047
CCCC#N,9.660047
CCC1CCC2CC1C2,9.660047
CC1CCCCCCC(C)C1,9.66031291676794
CCC(C)(C)C#N,9.662768
CC1(C)C2CC3CC2C31,9.662768
CCC1C2CC3CC2C31,9.662768
C1CC2CC(C1)C2,9.662768
C1C2CC3CC1C3C2,9.662768
CCC1CCCCC1(C)C,9.6654830794512
CCC1(C)C2CCC1C2,9.665489
C1CC2(C1)C1CCC2C1,9.665489
CC(C#N)C(F)(F)F,9.665489
CC1CCCCCCCCC1,9.66575519327664
CCC1CCCC(CC)C1,9.66657153475294
CCC#N,9.66821
CCC12CCC(CC1)C2,9.66821
C1C2CC3C1C3C2,9.670931
OC(C1CC1)C(F)(F)F,9.670931
C1CCC23CC(C2)C3C1,9.670931
CC1CC2CCC1C2C,9.670931
C1CC1C1CC2CC1C2,9.670931
CCC1CC2C(C)CC2C1C,9.67283015273795
CC1CC(CC2CC2)C1,9.673653
CCC12CC(C1)C21CC1,9.6763735
CC1C2C3C4CCC13C42,9.6763735
CC(C)CCC1CC1,9.679094
CC1OC1C,9.679094
C1C2C3CC4C1C2CC34,9.679094
CC(C)CC1CC1,9.679094
CC(C)CCCC1CC1,9.679094
CC(CC1CC1)C1CC1,9.679094
CC1CCCCCCC1C,9.680993567501
CCC1(C)CCC1C,9.681816
C1C2CC1C21CO1,9.684537
C1C2C3CC4C2C4C13,9.684537
C1CCC(C2CC2)CC1,9.684537
C1OC1CC12CC(C1)C2,9.684537
CCC1CCCCC(C)C1,9.68616373018426
CC12C3OC4C(O3)C1C42,9.687258
CCC1CCC1C(C)C,9.687258
OCC1(C(F)(F)F)CC1,9.687258
CC12CC3CC1CC32,9.687258
C(CC1CC1)CC1CO1,9.687258
CC1(C2C3CC2C3)CC1,9.687258
CC1CC(C)C(C)C1C,9.687258
CCC1OC1C(F)(F)F,9.689979
CC1(C)CC2CCC1C2,9.689979
C1C2C3CC4C2C1C34,9.689979
CC(CC#N)C(F)(F)F,9.689979
CC12CCC(CC1)C2,9.689979
CC(C)C1CC(C)(C)C1,9.689979
CCCC1C(C)C(C)(C)C1C,9.69160600669296
CCCCC1(C)CCC1,9.6927
CC(C)C1CCC1C,9.6927
CC12CCC1C1CC2C1,9.6927
CCC1CCC1(C)C,9.6927
C1CC2(C1)CC2,9.6927
CC1CCC(C)C1(C)C,9.6927
CC1CCC2CC1C2,9.6927
CC1CCCC2CC1C2,9.6927
C1CC2(C1)CCC2,9.695421
CC12CC(C1)C21CC1,9.695421
C1C2C3C1C2C31CO1,9.700864
CC1CC(C)C2CC1C2,9.700864
CCCC1CC(C)(C)C1,9.700864
CC1OC1CCC1CO1,9.700864
C(CC1CO1)CC1CO1,9.700864
CCC1OC1C,9.70249055971036
CC1CCC2CC(C1)C2,9.703585
C1OC1C12CC(C1)C2,9.703585
C1CC(CCC2CC2)C1,9.703585
CC1C2CCC1C2(C)C,9.703585
CCC1CCCCCC1C,9.70521169796471
CCC(C)C1(C)CCCCC1,9.70521169796471
CC1C2CCCC1CC2,9.709027
C1CCC2CC(C1)C2,9.709027
CC1C(C)C1C(F)(F)F,9.709027
CCC1CC1CC,9.709027
CC(C)(C)C1CCC1,9.709027
CC(C)C1CCCC1C,9.711748
FC(F)(F)C1OCCO1,9.711748
CCC1CC1C,9.714469
C1CC2CC3CC1C2C3,9.714469
CCCC1(C)CC(CC)C1,9.71718470628385
CCC(C)CC1CC1,9.717191
CC1CC2CC1(C)C2C,9.717191
C1CC23CC4C2CC1C43,9.719912
C1CCC2(C1)CCC2,9.719912
C1CC2CC1C1CC2C1,9.719912
CCCC1(C)CCC1,9.719912
CCC1C2CCC1CC2,9.719912
CC1CCC(C)C(C)C1C,9.72181064131624
CC(C)C12CC(C1)C2C,9.722633
C1CC1CC1CO1,9.722633
CC1CC1C,9.722633
CC1C2CC1C2C1CO1,9.722633
CC1(CC(F)(F)F)CC1,9.725354
C1CC(CC2CCC2)C1,9.725354
CC1CC2CCCC1C2,9.728075
CCCC(C)CC1CC1,9.728075
CC1CC(C)C1C,9.728075
CCC1C2CC3C1CC23,9.728075
CCC12CC(C1)C2(C)C,9.730797
CCC(CC)(CC)CC,9.730797
C1C2CC3C4CC(C14)C23,9.730797
CC1C2CC1C1CC2C1,9.730797
CCCC1CCC(C)CC1,9.73133462520647
CC12CC(C1)C2C1CC1,9.733518
CCC1CC(C)(C)C1,9.733518
CC1CC2CCC1C2,9.733518
CC1CCC1(C)C,9.733518
CCC1(C)CCCCC1,9.7362385
CC1CC23CC4C2C1C43,9.7362385
CC1C2CC1(C)C2(C)C,9.7362385
CCC1CC2CCC1C2,9.7362385
C1C2C3CC2C2(CC2)C13,9.7362385
CCC1(C(F)(F)F)CO1,9.7362385
CCC1CCC2CC1C2C,9.74031438144583
CCC1C2CCC1C(C)C2,9.7408586090967
CC12CCCC(CC1)C2,9.741681
CC12CC(C1)C1CCC12,9.741681
C1C2CC1C2C1CO1,9.741681
CCCCCC1(C)CCCC1,9.74303551970018
C1C2CC1C1(CC1)C2,9.744402
CC12CC3CCC1C3C2,9.744402
CCC1(C)C2CC1(C)C2,9.744402
CCC1(C)CCC1,9.747124
CCCC1CO1,9.747124
CC1C2CCC1(C)C2C,9.747124
CC12CCC3C(CC31)C2,9.749845
CC(C)CC1CC(C)C1,9.749845
C1CC1C1C2C3CC2C31,9.749845
CC1(C)CC2CC1(C)C2,9.749845
CC1(C)C2CCC1C2,9.749845
CCC(C)C1CCC1CC,9.75011047916149
CCC12CCC(C1)C2C,9.752565
CCC1C2CC1C21CC1,9.752565
CCC1C(C)CCC1C,9.755286
CC1CCCC(C)C1C,9.755286
N#CCCC(F)(F)F,9.755286
C1C2C3CC4(CC4)C2C13,9.755286
CCC1C2CCC1(C)C2,9.755286
CC1(C)CCCCCC1,9.758007
C1CC(CC2CC2)C1,9.758007
C1CC1CCC1CC1,9.758007
CC1C2CCC1(C)C2,9.758007
C(CC1CC1)CC1CC1,9.760729
CC12CC(C1)C21CCC1,9.760729
CC12CC3C1CC3(C)C2,9.760729
CC1CCCCC1(C)C,9.760729
N#CC(F)(F)F,9.760729
CCCCC1CCCC1C,9.76099503217889
CCCC1CCC(CC)C1,9.76126714600432
CC1CCCC(C)C(C)C1,9.76317194278237
CCCCCC1(C)CCC1,9.76317194278237
CC1C2CCC1CC2,9.76345
CC1CCC(C)(C)CC1,9.76345
CC1(C2CO2)CC1,9.76345
CCCC(O)C(F)(F)F,9.76345
CC1CCC12C1CC2C1,9.76345
CCCCCCCCC1CC1,9.76371617043323
C1CC(C2CCC2)C1,9.766171
C1CC2C3CCC2C3C1,9.766171
CCCCC1C2CCC1C2C,9.76643730868759
CC1CC2CC3CC2C13,9.771614
CC1OC1CC(F)(F)F,9.771614
CC1CC2CC1CC2C,9.771614
CC1(C)C2C3CC2C31C,9.771614
C1CC2CC3CC2C3C1,9.771614
C1CC2C3C1C2C31CC1,9.771614
CCCC1(C)CCCC1C,9.7735122681489
CC(C)CCC1CCCC1,9.77514495110151
CCCCC1(C)CCCC1,9.77650552022868
COC1(C(F)(F)F)CC1,9.779777
CC(C)(C)C#N,9.779777
CCCCCCCC1CC1,9.78113145526108
CCCCC1(CC)CCC1,9.78194779673738
CCCC1CCCC1CC,9.78194779673738
C1CC1CCC1CO1,9.782497
CCC(CC)CC1CC1,9.782497
CC1OC1C(F)(F)F,9.782497
C1CC1C12CC(C1)C2,9.782497
CC1CCC(C)C(C)C1,9.782497
CC1(C)C2CC1C21CC1,9.785219
FC(F)(F)C12CCC1C2,9.785219
CC1(C2CC2)C2CC1C2,9.785219
CC1CC2CC1C2(C)C,9.785219
CC1C2CC3C(C)C2C13,9.78794
C1CCCC2CCC2CCC1,9.7906554391513
C1CCCCC2CC2CCC1,9.7906554391513
C1CC2(C1)C1C3CC1C32,9.790662
CCC1CCC(C)C2CC12,9.79119966680217
CCC1CC2CC2CC1C,9.79147178062761
CC1CCCCCC(C)(C)C1,9.79256023592935
C1CC2CC3CC2CC13,9.793383
CCC1CO1,9.793383
CC(C)C(C)C1CC1,9.793383
CC1C2C3CC2(C)C13C,9.793383
CC(C)C12CCC(C1)C2,9.793383
CCC(O)C(F)(F)F,9.793383
CCC(C)CC1CCC1,9.793383
CCCC1CCCC(C)C1,9.79392080505652
CCCCCCC1CC1,9.79446503270739
CCC1CCCC1(C)CC,9.79609771566
CC1CC(C)(C)C1,9.796104
CC1CCCC(C)(C)C1,9.796104
C1C2CC1C1CC2C1,9.796104
CCCCCCC1CCC1C,9.79854674008892
CCCCC1CCC1C,9.798825
OC(C1CO1)C(F)(F)F,9.798825
CCC12CCC(C)(C1)C2,9.798825
CC1C2(C)C3CC2C13C,9.801545
CC1(C)CCCCC1,9.801545
CC1CC2(C)CC1C2C,9.801545
CCC1CCCCC1C,9.804267
CCC(C)C(C)C1CC1,9.804267
CCCCCC1CCC1C,9.80671015485197
C1CC1CC12CC(C1)C2,9.806988
CCCCCCC1CC1,9.806988
C1CC2CCC2C1,9.806988
CCCCC(C)C1CC1,9.81243
CC12CC3C1CCCC32,9.81243
CCC(C)(C)C(C)(C)C,9.81243
CC1CC2CCC(C1)C2,9.81243
CC1CCC2(CCC2)C1,9.81243
CCC1CCC(CC)CC1,9.81269665901153
CCC1CCCC(C)CC1,9.81568991109132
CCC1(C)CCCC1C,9.817873
CC1CC2(C)CC1(C)C2,9.820595
CC12CC(C1)C2(C)C,9.820595
CCC12CC3C1CC32C,9.820595
CCCCC(C)CCC1CC1,9.82140430142545
CC1C2CC3C1C(C)C23,9.823315
CC1CCCCC1C,9.823315
CCC1CCC(C)CC1,9.823315
CC1C2C3CCC2C13C,9.8260355
CC1OC1(C)C(F)(F)F,9.8260355
CC1C2CC3CC2C31,9.828757
CCC12CC3C1CCC32,9.828757
CC(C)C1(C)C2CC1C2,9.828757
C1C2C3C1C2C31CC1,9.831478
CC1C2CC3CCC2C31,9.831478
CCCC1CCC1CC,9.831478
C1C2C3(CC3)C1C21CC1,9.831478
CC(C)C(C)(C)C(C)C,9.831478
CC1CC2CC1C21CC1,9.831478
CCC1CCCC(C)CCC1C,9.83228885444285
C1CC2CCC(C1)C2,9.8342
CC(C)C(C)C1CCC1,9.8342
CC1C2CC(C)(C2)C1C,9.8342
CCCC(CC)C1CC1,9.83691478947525
O,9.836921
CCC12C(C)C3C1CC32,9.836921
CC1CCC2C3CC2C13,9.836921
CCC1CCCC1(C)C,9.839643
CC1CCCC1(C)C,9.839643
CCCCCC1CC1,9.842363
CCC1CC(C(C)C)C1,9.842363
C1CC2CC1C21CC1,9.847805
CCCC(C)C1CC1,9.847805
CC1CC2C3CC2(C)C13,9.847805
C1CC2CCC1C2,9.847805
C(CC1CO1)C1CO1,9.853248
CC1C2C(C)C1(C)C2C,9.855968
CCC(C)C1CC(C)C1,9.855968
CC12CC3CC1C3C2,9.861411
CC1CCC(C)CC1,9.861411
CCC(C)(C)CC(C)C,9.864133
CCC1CCC(C)C1C,9.864133
C1CCCCCCC1,9.864133
CC12CC(C1)C1CC2C1,9.864133
CCC1C2(C)CC1(C)C2,9.866854
CCC(C)C1CC1,9.869574
C1CCC2(C1)CCCC2,9.872295
C1OC1CC1C2CC1C2,9.875016
CCC1CCC1CC(C)C,9.87609918033789
CC(C)C1C2CCC1C2,9.877738
CCC(C)CCC(C)C,9.87800397711593
CC(C)CC1CCC1,9.880459
CCC1CCC1CC,9.880459
C1C2CC1C1CCC21,9.880459
CC1C2CC1C2C1CC1,9.883181
CC(C)(C)C(C)(C)C,9.883181
C1CC(C23CC(C2)C3)C1,9.885901
CC1CC2(C1)C1CC2C1,9.888622
CC1C2(C)CC1(C)C2C,9.888622
CCC12CC(C1C)C2C,9.888622
CCC1(CC)CCCC1,9.888622
CC(C)C1(C)CCCC1,9.891343
CCC12CC(C)(C1)C2C,9.891343
CCCCC1CC1,9.891343
CCC1CCC1C,9.891343
C1CC1C1C2CC1C2,9.894064
C1CCC2(C1)C1CC2C1,9.894064
CCC1(C)C2C3CC2C31,9.894064
CC1CC(C(C)C)C1,9.894064
CC1CCC(C)C1C,9.894064
CC(C)CC(C)C1CCC1,9.89650771724551
CC(O)C(F)(F)F,9.896786
CCCC1CCC1C,9.896786
CC12CC3C1CC32C,9.896786
FC(F)(F)CC1CO1,9.896786
CC(C)C(C)C(C)(C)C,9.899507
CC1C(C)C2CC1C2C,9.899507
CC1(C)CCC(C)(C)C1,9.899507
CCCC1(C)C2CC1C2,9.899507
CC1(C)C2CC3C2CC31,9.902228
CCCC1CC(CC)C1,9.904949
CC#N,9.904949
CC1C2CC(C2)C1(C)C,9.904949
CC12CC34CCC(C13)C24,9.904949
CC1(C(F)(F)F)CO1,9.904949
C1CC1CC1CC1,9.907671
CC12CCC(C)(C1)C2,9.907671
CCCC(C)(CC)CC,9.907671
C1CC1CC1C2CC1C2,9.910392
CC(C)C12CC(C)(C1)C2,9.910392
FC(F)(F)C1CO1,9.910392
C1CCC(C2CCC2)C1,9.913113
CCCC(C)(C)C(C)C,9.913113
CC(C)C1C2C3CC2C31,9.913113
CCC1(CC)C2CC1C2,9.915833
CCC(C)CC(C)(C)C,9.915833
CC1CCCCC(C)C1C,9.91609991267684
CCCC1(C)CCCC1,9.918554
C1CC2CC3CC2(C1)C3,9.918554
CC1C2CC3CC2CC31,9.918554
CCC(C)C12CC(C1)C2,9.921276
CC1(C)CC1C(F)(F)F,9.921276
C1C2CC3CC1CC3C2,9.923997
CC(C)C1CCC(C)C1C,9.92644023804337
CC(C)CC12CC(C1)C2,9.92944
CC(C1CO1)C(F)(F)F,9.92944
CCC(C)C(C)(C)CC,9.92944
CC(C)C12CC3C1CC32,9.92944
CC1(C)CCC1,9.92944
CC1CC2CCCC2C1,9.92944
CCCCC(C)(C)CCC,9.9313382869012
CC1C2CC1C1CCC21,9.934882
CCC12CC3C1C(C)C32,9.934882
CC1CC2C3CC1C2C3,9.937603
CC1CC2C3CCC2C13,9.940324
CCC(C)(CC)C(C)C,9.940324
CC(C)CCC1CCC1,9.940324
CC1C2C(C)C1C2(C)C,9.940324
CCCC12CCC(C1)C2,9.943045
CCC(C(C)C)C(C)C,9.943045
CC(C)C12CC(C1)C2,9.945766
CC1C2CC1C(C)(C)C2,9.945766
CC12CCCC3C1CC32,9.948487
CCCCC1CC(C)C1,9.948487
CC1CC2C3CC2C3C1,9.948487
CCC(CC)C1CCC1,9.948487
CCCC(C)C1CCC1,9.948487
CC1C2CC3C1CC23,9.948487
CCC(C)(CC)CC,9.948487
CCC1CC(CC)C1,9.948487
CC1CC(C)C(C)(C)C1,9.951209
CCC1CC2CC1(C)C2,9.951209
CCCCC(C)CC1CCC1,9.95365162058687
C1CC23CC4C2C1C43,9.95393
CC1C2C(C)C1C21CC1,9.956651
CC1C2C3C1C2C3(C)C,9.956651
CCC1(C)C2CC1C2C,9.956651
CCC12CC3(C)C1CC32,9.956651
CCCC(C)C(C)(C)C,9.962093
CC1C2C3C(C)C2(C)C13,9.962093
CC(C)C1CCCCC1,9.962093
CCCC1CC1,9.962093
CC12CC3C1CCC32,9.964814
CCCCC1CCCC(C)C1,9.96616885655688
CC1CCC1C,9.967535
C1CC2C3CC1C2C3,9.967535
CCCC1CCCCCC1,9.96916210863666
C1CC2C3CCC2C13,9.970257
CC1CC2CC1(C)C2,9.970257
CCC12CCC3C1CC32,9.970257
CC(C)C1CC1,9.972978
CC1CC2C3CC2C13C,9.972978
CC1CC1CC(F)(F)F,9.972978
CCC1CCCC(CC)CC1,9.97378804366906
CCCC1CCCC(C)CC1,9.9748764989708
CC1CCCCCCC1,9.975699
CCC(C)C1CCC1,9.975699
CCC12CCC(C1)C2,9.975699
CCC12CC(CC1C)C2,9.97842
C1C2CC1C1C3CC1C23,9.97842
CC1C(C)C2C3CC2C13,9.981141
C1CCC2C3CC2C3C1,9.981141
CCC1CCC2CC(C)CC12,9.98195145843211
CCCC1CC(C)C1,9.983862
CCC1(C)CCCC1,9.983862
CCC(C)(C)C(C)C,9.986584
CCCC(C)(C)CCC,9.986584
CCCC1C2CCC1C2,9.986584
CC12CC3CC1CC3C2,9.986584
CCCCC(C)(C)CC,9.989305
CCC1C2CCC1C2C,9.989305
CC1CCCC(C)(C)CC1,9.98984275936972
CCCCCCCC1CCC1,9.98984275936972
CCC12CC(C)C(C1)C2,9.992025
CCC1C2C3C(C)C2C13,9.992025
CC1CC(C)(C)CC1C,9.992025
CCCC1CCCC1C,9.992025
CC1C2CC3C1CCC23,9.994747
CC12CCCC1CCC2,9.994747
CCC1C2C3CC2C13C,9.994747
CC1C2C3(C)CC2(C)C13,9.997468
CC(C)(C)C1C2CC1C2,10.00019
CC12CCC3(C)C1CC23,10.00019
C1CC2C1C1C3CC1C23,10.00019
CCC1(C)C2CC1C2,10.00291
CCC(C)(C)CC(C)F,10.0042647921178
CC1CC2C(C)C1C2C,10.008352
CC1C2(C)CC1(C)C2,10.008352
CC(C)C1C2CC1(C)C2,10.008352
CC(C)CC1C2CC1C2,10.008352
CCC1C2C3CC2(C)C13,10.011074
CC(C)CC(C)(C)C,10.011074
CCC(CC)C(C)(C)C,10.013795
CCC(C)C(C)C(C)C,10.013795
CCCCCCC1CCC1,10.0173262557387
CCCCC1CCCCCC1,10.021952190771
CCCC12CC(C1)C2C,10.021958
FC(F)(F)CCC1CO1,10.024679
CC1CO1,10.0274
CC(C)C1CCC1,10.0274
CCC(C)C(C)(C)C,10.032843
CC(C)C(C)C(C)C,10.032843
C1CCC2CCCC2C1,10.032843
CC(C)(C)C1CCCC1,10.035564
CCC1C2CCC1C2,10.035564
CCC1CC(C)C1,10.035564
C1CC2(C1)CC1CC2C1,10.035564
CC1(C)C2CC1C2(C)C,10.035564
CC1(C)CCCC1,10.038285
CCCC(CC)C(C)C,10.041006
CC1C2CC1C21CC1,10.041006
CC1CC1CCCC1CC1,10.0412722723769
CCC12CC(CC)(C1)C2,10.043728
CC(C)CCC(C)(C)C,10.046449
CCC1C2CC(C)C1C2,10.046449
CCCC(C)(C)CC,10.046449
CCCCCC(C)(C)C,10.046449
CCCC(C)C1CCCC1,10.0499799147909
CC1C2C3CCCC2C13,10.05189
CCCCCC1CCC1,10.05189
CCC(CC)C(C)C,10.054612
CCC1(C)CCC(C)C1,10.057333
CCC1CCCC1C,10.057333
CCCCC(C)CC(C)C,10.0578712157285
CCC1(C)CC2CC1C2,10.060055
CC1CCCCCC1C,10.060055
CCC1CCCC(C)C1,10.062776
CCC1CC(C)C(C)C1,10.062776
CC1CCC2CCCC12,10.062776
CC1CC(C)CC(C)C1,10.062776
CCCC1CCCCC1CC,10.0633134922372
CCCC12CC3C1CC32,10.065496
CCC1C(C)CCC1C(C)C,10.0692999963967
CCC1CC(C)CC1C,10.070938
C1CC2C3CC2C3C1,10.070938
CC12CC(C1)C(C)(C)C2,10.070938
CCCC1C2C3CC2C13,10.07366
CCCC1CCCCC1C,10.0774634111598
CCCC1CCCCC1,10.0791025
CC(C)C(C)(C)C,10.0791025
CCCC(C)CC(C)C,10.0791025
CCCCCC1CCCCC1,10.0801845494141
CC1C2CC1C21CCC1,10.081823
CCC1C2CC1(CC)C2,10.081823
CC1(C)C2C3CC2C31,10.081823
C1C2CC1C21CC1,10.084544
CC(C)C(C)(C)CF,10.0864431673991
C1CC(C2C3CC2C3)C1,10.087266
C1CC2CCCC2C1,10.087266
CCC12CC(C1)C2C,10.089987
CCC(CC)CC(C)C,10.0902527609552
CCC1CC1,10.092708
CC1(C)C2C3CC2(C)C31,10.092708
CCC1CC2(C)CC1C2,10.092708
CCCCC1CCC1,10.095428
CC(C)CC1CCCC1,10.095428
CCCC(CC)C1CCCC1,10.0967834927657
CC(C)C(C)C1CCCC1,10.1024978830998
CCC1CCCCCC1,10.103593
CCC1CC2CC1C2C,10.109035
CC1CCCC(C)C1,10.109035
CC1CC(C)C(C)C1,10.111756
CCC1CCCCC1,10.114477
CCCC(C)CC1CCCC1,10.1150151190698
CCCCC(C)C1CCCC1,10.1152872328953
CCC1C2CC1C2(C)C,10.117198
CC(C)CC(C)C(C)C,10.122641
CC1C2CCC1C2C,10.122641
CC1CC2(C)C3CC2C13,10.130804
CC1C2CCC1C2,10.130804
CCCCC(C)(C)C,10.133525
C1CO1,10.133525
CC1C2C3CC2C13C,10.136247
CCC1CCCC1CC,10.136247
CC12CCC(C1)C2,10.138967
C1C2CC3C1CC23,10.144409
CCC1C2C3CC2C13,10.144409
C1C2CC3C1C1CC3C21,10.144409
CC1(C)CC2C3CC2C31,10.144409
CCC1CC1C(F)(F)F,10.144409
CCC(C)C1C2CC1C2,10.147131
CCC1C2CC(C2)C1C,10.147131
CCC1CCC(C)(C)C1,10.147131
CCC(C)(C)CC,10.149852
CCCC1CCC1,10.149852
CC12CC3(C)C1CC23,10.149852
CCCC1CCC1,10.1506620302018
CC1CC2CC1C2C,10.152574
C1CC2(C1)C1CC2C1,10.152574
CCCCC12CC(C1)C2,10.155294
CC1CC2(C)CC1C2,10.155294
CCCC1C2CC1(C)C2,10.158015
CCCC(C)CC(C)C,10.1585533311394
CC1(C)CC2CC1C2,10.160736
CCC(C)C(CC)CC,10.160736
CCCC1CC1CC1CC1,10.1620908108701
C1CC23CCC4C2C1C43,10.163457
CCCC12CC(C)(C1)C2,10.166179
CC1C2CC(C2)C1C,10.166179
CCC(C)CC(C)C,10.166179
CCC(C)CC(C)CC,10.166179
CC1C2C3CCC2(C)C13,10.1689
CCC12CC3C1CC32,10.1689
CCCCC1CC2CC1C2,10.1694378841568
CC1CC1,10.171621
CCCC1CCC(C)C1,10.171621
CC1CC(C)C1,10.174342
CC1(C)C2C3CCC2C31,10.174342
CC1CCCCC1,10.177064
CC1C2CC1C2(C)C,10.177064
CC12CCC3C1CC32,10.177064
CC1CCCCC(C)C1,10.177064
C1CC2C3CC(C3)C2C1,10.185226
CCC(C)CCC(C)C,10.185226
CC1CC1C(F)(F)F,10.185226
CC(C)C1CC2CC1C2,10.187947
CC1C2C3C(C)C2C13,10.187947
FC(F)(F)CCC1CC1,10.19339
CCCCCCC(C)CC,10.1963771528749
CCCCCC(C)CCC,10.1963771528749
CC1(C)C2CC1C2,10.1988325
CCCC(C)C(C)CC,10.201554
CC1CCC(C)(C)C1,10.201554
C1C2CC3CC2CC13,10.201554
CC1CCCCCC1,10.204275
CCC1CCC(CC)C1,10.204275
CC1CCCC1C,10.204275
CCCC1CC(CC)CC1C,10.2050847952888
CCCCCC1CCC(C)C1,10.2053569091142
CC1CC1(C)C(F)(F)F,10.206995
CC1C2C3CC2(C)C13,10.206995
CCC1CCC1,10.209717
CC1CCC(C(C)C)C1,10.215159
CCC12CC(C)(C1)C2,10.215159
CCCCC(C)C(C)C,10.21788
CC(C)C1C2CC1C2C,10.21788
CCC1C2CC1(C)C2C,10.220602
CC1CCCC(C)CC1,10.223323
C1CCCCCC1,10.223323
CCCC(C)(C)C,10.226044
CCCC1CC2CC1C2,10.226044
CCCC12CC(C1)C2,10.231485
CC1C2CC1(C)C2C,10.236928
CCC(C)C1CCCC1,10.236928
CCCCCCCC(C)C,10.2434528446751
CCC(CC)CC(C)C,10.250534
CC(C1CC1)C(F)(F)F,10.253255
CCCCC1C2CC1C2,10.255976
CCC1CC2C3CC2C13,10.255976
CCCCC(C)CCC,10.261418
CCCCCC(C)CC,10.261418
CCC1C2CC1(C)C2,10.261418
CC(C)C1C2CC1C2,10.266861
CCCCCC1CCCC1,10.2758343899019
CC(C)CCCC(C)C,10.280466
CCC12CC(C1)C2,10.280466
CCC1CCC(C)C1,10.280466
CCC(C)C(C)CC,10.285909
CCC(C)(C)C,10.285909
CCCC(C)C(C)C,10.285909
C1CCCCCCCC1,10.291351
C1CCCCC1,10.294072
CC(C)CC(C)C,10.296793
CCCC1C2CC1C2C,10.296793
CC1C2CC1(C)C2,10.299515
CCCCC1CCCC1,10.302236
CCC1C2CC1C2CC,10.304956
CCC1CC2CC1C2,10.307678
CCCCCCC(C)C,10.313121
CC(C)CCC(C)C,10.313121
CCC1C2C3CCC2C13,10.321283
CCCC1C2CC1C2,10.326726
CC1CC2C3C(C)C2C13,10.326726
C#N,10.329447
CCCC(C)CCC,10.329447
CC1CCC1C(F)(F)F,10.332169
CCCCC(C)CC,10.337611
CCC1C2C(C)C1C2C,10.343053
CC1CCC(C)C1,10.353937
CC1C2C(C)C1C2C,10.362101
CC1C2C3CC2C13,10.362101
CCCC1CCCC1,10.364821
CC(C)C1CCCC1,10.367543
CC1CC2C3CC2C13,10.3784275
CCCCCC(C)C,10.394754
CCC1(C(F)(F)F)CC1,10.397475
CCC(C)C(C)C,10.400197
FC(F)(F)CC1CC1,10.400197
CC1CCC1,10.402918
CCCCCCCCC,10.40564
CCCCC(CC)CC,10.413802
CCC1C2CC1C2C,10.413802
CCCC(C)CC,10.421966
CC(C)C(C)C,10.443735
CCC1C2CC1C2,10.446456
CC1CC2CC1C2,10.449178
CCCC(CC)CCC,10.449178
CCC1CCCC1,10.454619
CCCC(CC)CC,10.487273
CCCCC(C)C,10.4981575
CCCCCCCC,10.4981575
CC12CC3C1CC32,10.5036
CC1C2C3CCC2C13,10.514485
CC12CC(C)(C1)C2,10.514485
CC1CCCC1,10.536254
CCC(C)CC,10.541696
C1CC2CC1C2,10.555302
C1C2CC1C21C2CC1C2,10.560744
CC(C)(C)C,10.563465
CCC(CC)CC,10.5879545
C1CC2C3CC2C13,10.604282
CC(C)(C)CC(F)(F)F,10.615167
CCCC(C)C,10.615167
CCCCCCC,10.6178875
CC1(C(F)(F)F)CC1,10.620609
FC(F)(F)CC1CCC1,10.628773
CC1CC(C(F)(F)F)C1,10.6451
CC12CC(C1)C2,10.658705
CC1C2CC1C2C,10.66959
C1CCCC1,10.672311
C1CC1,10.69408
CCC(C)C,10.704965
C1CCC1,10.715849
CC1C2CC1C2,10.718571
CC1(C(F)(F)F)CCC1,10.762109
CCCCCC,10.76755
C1C2C3CC2C13,10.770271
FC(F)(F)C1CCC1,10.868233
FC(F)(F)C1CC1,10.876396
CCC(C)CC(F)(F)F,10.876396
CC(C)C,10.911771
CC(C)CCC(F)(F)F,10.925376
CCCCC,10.966194
FC(F)(F)C1CCCC1,10.985242
CCC(C)(C)C(F)(F)F,11.023337
C1C2CC1C2,11.036943
CC(C)C(C)C(F)(F)F,11.055992
CCCCCC(F)(F)F,11.085924
CCCC(C)C(F)(F)F,11.124021
CCCC,11.175721
FC(F)(F)C12CC(C1)C2,11.181164
CC(C)CC(F)(F)F,11.202933
CCC(CC)C(F)(F)F,11.232866
FC(F)(F)C1C2CC1C2,11.29273
CCCCC(F)(F)F,11.347154
CCC(C)C(F)(F)F,11.366201
CCC,11.371644
CC(C)(C)C(F)(F)F,11.374365
CC(C)C(F)(F)F,11.695459
CCCC(F)(F)F,11.717228
CC,12.043766
CCC(F)(F)F,12.14989
FC(F)(F)CC(F)(F)F,12.571667
FC(F)(F)C(F)(F)F,13.066914
C,13.736315
FC(F)(F)F,16.928211
