MolWt,HeavyAtomCount,HeavyAtomMolWt,NumHAcceptors,NumHDonors,NumHeteroatoms,NumRotatableBonds,NumValenceElectrons,NumAromaticRings,NumSaturatedRings,NumAliphaticRings,NumRadicalElectrons,NumAliphaticCarbocycles,NumAliphaticHeterocycles,NumAromaticCarbocycles,NumAromaticHeterocycles,NumSaturatedCarbocycles,NumSaturatedHeterocycles,Logp,TPSA,QED,gap
210.40499999999994,15,180.16499999999996,0,0,0,5,90,0,1,1,0,1,0,0,0,1,0,5.563300000000005,0.0,0.5208292583242531,9.772455
210.40499999999994,15,180.16499999999996,0,0,0,8,90,0,1,1,0,1,0,0,0,1,0,5.2751000000000055,0.0,0.47839856947241116,9.748009
240.47499999999994,17,204.18699999999995,0,0,0,1,104,0,1,1,0,1,0,0,0,1,0,6.589500000000007,0.0,0.48477798451161025,9.73838
182.35099999999997,13,156.14299999999997,0,0,0,5,78,0,1,1,0,1,0,0,0,1,0,4.783100000000005,0.0,0.5365511728299727,9.736602
238.45899999999997,17,204.18699999999995,0,0,0,1,102,0,1,1,0,1,0,0,0,1,0,6.199400000000007,0.0,0.5099921375784241,9.732974
160.27599999999998,11,139.10799999999998,0,0,1,5,68,0,0,0,0,0,0,0,0,0,0,3.9509000000000034,0.0,0.570928394103033,9.728599
182.35099999999997,13,156.14299999999997,0,0,0,1,78,0,1,1,0,1,0,0,0,1,0,4.639000000000005,0.0,0.5539875732883266,9.689471
180.33499999999995,13,156.14299999999997,0,0,0,2,76,0,2,2,0,2,0,0,0,2,0,4.2489000000000035,0.0,0.5957224754733109,9.624526
210.40499999999994,15,180.16499999999996,0,0,0,5,90,0,1,1,0,1,0,0,0,1,0,5.563300000000005,0.0,0.5208292583242531,9.622313
224.43199999999993,16,192.17599999999996,0,0,0,9,96,0,1,1,0,1,0,0,0,1,0,5.9534000000000065,0.0,0.4242514797467411,9.617
284.528,20,244.20799999999994,1,0,1,14,122,0,0,0,0,0,0,0,0,0,0,6.462000000000008,9.23,0.3324401125568987,9.577014
238.41499999999994,17,208.17499999999995,1,1,1,4,100,0,3,3,0,3,0,0,0,3,0,4.391600000000005,20.23,0.7200995909498887,9.554421
196.37799999999996,14,168.15399999999997,0,0,0,0,84,0,1,1,0,1,0,0,0,1,0,5.029100000000005,0.0,0.5095657526195364,9.528654
224.43199999999996,16,192.17599999999996,0,0,0,6,96,0,1,1,0,1,0,0,0,1,0,5.809300000000006,0.0,0.3943629425118717,9.521616
182.35099999999997,13,156.14299999999997,0,0,0,6,78,0,1,1,0,1,0,0,0,1,0,4.639000000000005,0.0,0.5611622748365263,9.515126
208.38899999999995,15,180.16499999999996,0,0,0,5,88,0,2,2,0,2,0,0,0,2,0,5.173200000000005,0.0,0.5465072924016626,9.500523
264.49699999999996,19,228.20899999999995,0,0,0,5,112,0,2,2,0,2,0,0,0,2,0,6.445400000000007,0.0,0.395430839394433,9.495445
254.50199999999995,18,216.19799999999995,0,0,0,10,110,0,0,0,0,0,0,0,0,0,0,6.691400000000008,0.0,0.4071174990597634,9.477817
242.44699999999995,17,208.17499999999995,1,1,1,13,104,0,0,0,0,0,0,0,0,0,0,5.315900000000006,20.23,0.43355870299480337,9.448509
196.37799999999996,14,168.15399999999997,0,0,0,6,84,0,1,1,0,1,0,0,0,1,0,5.173200000000005,0.0,0.5138534993413274,9.398696
238.41499999999996,17,208.17499999999995,1,0,1,5,100,0,2,2,0,2,0,0,0,2,0,4.654000000000004,9.23,0.6769488446785944,9.374161
182.35099999999997,13,156.14299999999997,0,0,0,4,78,0,1,1,0,1,0,0,0,1,0,4.494900000000004,0.0,0.6004686035518959,9.371406
174.23999999999998,12,156.09599999999998,3,0,3,5,72,0,1,1,0,0,1,0,0,0,1,1.768,27.69,0.5943857856670337,9.361687
212.37699999999995,15,184.15299999999996,1,1,1,4,90,0,1,1,0,1,0,0,0,1,0,3.713300000000003,20.23,0.7528712102169332,9.3432455
196.33399999999995,14,172.14199999999997,1,0,1,4,82,0,2,2,0,1,1,0,0,1,1,3.629400000000003,9.23,0.6668946755932964,9.338789
240.43099999999993,17,208.17499999999995,1,0,1,6,102,0,1,1,0,1,0,0,0,1,0,5.044100000000006,9.23,0.5906858388767633,9.330958
168.32399999999998,12,144.13199999999998,0,0,0,2,72,0,1,1,0,1,0,0,0,1,0,4.104800000000004,0.0,0.5819561672965488,9.31155
242.44699999999995,17,208.17499999999995,1,0,1,12,104,0,0,0,0,0,0,0,0,0,0,5.578300000000006,9.23,0.40598250315099965,9.299546
226.40399999999994,16,196.16399999999996,1,0,1,5,96,0,1,1,0,1,0,0,0,1,0,4.6524000000000045,9.23,0.66264541469067,9.260845
212.37699999999992,15,184.15299999999996,1,0,1,4,90,0,1,1,0,1,0,0,0,1,0,4.552100000000005,9.23,0.6210555091230636,9.25304
228.37599999999995,16,200.15199999999996,2,0,2,5,96,0,1,1,0,0,1,0,0,0,1,3.7885000000000026,18.46,0.6665357720574789,9.244285
258.44599999999997,18,224.17399999999995,2,0,2,13,110,0,0,0,0,0,0,0,0,0,0,5.162300000000005,18.46,0.3353174204871667,9.222054
214.39299999999997,15,184.15299999999996,1,0,1,9,92,0,0,0,0,0,0,0,0,0,0,4.511500000000004,9.23,0.5484380172983714,9.219351
242.44699999999995,17,208.17499999999995,1,0,1,11,104,0,0,0,0,0,0,0,0,0,0,5.435800000000006,9.23,0.4688294554045375,9.218219
226.40399999999997,16,196.16399999999996,1,0,1,7,96,0,1,1,0,1,0,0,0,1,0,4.798100000000005,9.23,0.6057507374272636,9.205681
242.44699999999997,17,208.17499999999995,1,0,1,12,104,0,0,0,0,0,0,0,0,0,0,5.578300000000006,9.23,0.40598250315099965,9.203111
224.43199999999996,16,192.17599999999996,0,0,0,7,96,0,1,1,0,1,0,0,0,1,0,5.665200000000006,0.0,0.5227947879983137,9.198316
210.40499999999994,15,180.16499999999996,0,0,0,4,90,0,1,1,0,1,0,0,0,1,0,5.563300000000005,0.0,0.5325849174784563,9.196356
214.39299999999994,15,184.15299999999996,1,1,1,10,92,0,0,0,0,0,0,0,0,0,0,4.534100000000004,20.23,0.5295339240461003,9.195616
194.36199999999997,14,168.15399999999997,0,0,0,1,82,0,3,3,0,3,0,0,0,3,0,4.783100000000005,0.0,0.5631133483999693,9.182265
240.43099999999993,17,208.17499999999995,1,1,1,8,102,0,1,1,0,1,0,0,0,1,0,4.781700000000005,20.23,0.6052325551348248,9.170257
184.27899999999997,13,164.11899999999997,2,0,2,4,76,0,2,2,0,2,0,0,0,2,0,2.2264999999999997,18.46,0.6667267753767138,9.160878
214.39299999999997,15,184.15299999999996,1,1,1,10,92,0,0,0,0,0,0,0,0,0,0,4.391600000000005,20.23,0.5346573439945371,9.157076
208.38899999999995,15,180.16499999999996,0,0,0,1,88,0,2,2,0,2,0,0,0,2,0,5.029100000000005,0.0,0.566769719090491,9.157047
198.35,14,172.14199999999997,1,0,1,6,84,0,1,1,0,1,0,0,0,1,0,4.017900000000004,9.23,0.6261439641008488,9.1491165
212.37699999999992,15,184.15299999999996,1,0,1,0,90,0,1,1,0,0,1,0,0,0,1,4.408000000000004,9.23,0.5777613864238725,9.145989
184.32299999999995,13,160.13099999999997,1,0,1,6,78,0,1,1,0,1,0,0,0,1,0,3.629400000000003,9.23,0.5727291237147065,9.141022
212.37699999999995,15,184.15299999999996,1,0,1,9,90,0,1,1,0,1,0,0,0,1,0,4.408000000000004,9.23,0.5499255610717093,9.135775
218.33699999999996,15,192.12899999999996,3,0,3,10,92,0,0,0,0,0,0,0,0,0,0,2.4907000000000004,27.69,0.5636185268390981,9.127629
172.31199999999995,12,148.11999999999998,1,0,1,7,74,0,0,0,0,0,0,0,0,0,0,3.6278000000000024,9.23,0.5328055251329119,9.127298
250.46999999999997,18,216.19799999999995,0,0,0,3,106,0,2,2,0,2,0,0,0,2,0,6.055300000000006,0.0,0.5343814813941405,9.121371
242.44699999999995,17,208.17499999999995,1,0,1,12,104,0,0,0,0,0,0,0,0,0,0,5.435800000000006,9.23,0.41425820786598333,9.117389
228.41999999999996,16,196.16399999999996,1,1,1,11,98,0,0,0,0,0,0,0,0,0,0,4.781700000000005,20.23,0.5044669983181556,9.094591
198.34999999999997,14,172.14199999999997,1,0,1,3,84,0,1,1,0,0,1,0,0,0,1,4.1620000000000035,9.23,0.6613048815724721,9.092531
230.34799999999998,16,204.13999999999996,3,1,3,10,96,0,1,1,0,0,1,0,0,0,1,3.206900000000002,41.989999999999995,0.3558131705724377,9.0861225
226.44799999999992,16,192.17599999999996,0,0,0,1,98,0,1,1,0,1,0,0,0,1,0,6.199400000000007,0.0,0.49915535732116567,9.081952
200.322,14,176.12999999999997,2,0,2,2,84,0,1,1,0,0,1,0,0,0,1,3.354300000000002,18.46,0.6802342218202533,9.08063
186.29499999999993,13,164.11899999999997,2,0,2,4,78,0,1,1,0,0,1,0,0,0,1,2.6182000000000007,18.46,0.6716388214799379,9.076453
200.36599999999996,14,172.14199999999997,1,0,1,9,86,0,0,0,0,0,0,0,0,0,0,4.408000000000004,9.23,0.535525291426487,9.074103
214.39299999999997,15,184.15299999999996,1,0,1,10,92,0,0,0,0,0,0,0,0,0,0,4.798100000000004,9.23,0.5074397464954215,9.060233
282.468,20,248.19599999999994,2,0,2,7,118,0,2,2,0,1,1,0,0,1,1,4.811500000000005,18.46,0.6237444213466272,9.057977
206.373,15,180.16499999999996,0,0,0,7,86,0,3,3,0,3,0,0,0,3,0,4.639000000000005,0.0,0.5690577832915379,9.05501
242.44699999999995,17,208.17499999999995,1,1,1,13,104,0,0,0,0,0,0,0,0,0,0,5.315900000000006,20.23,0.43355870299480337,9.049661
226.4039999999999,16,196.16399999999996,1,0,1,10,96,0,1,1,0,1,0,0,0,1,0,4.942200000000005,9.23,0.4792588473695051,9.033663
230.39199999999994,16,200.15199999999996,2,1,2,12,98,0,0,0,0,0,0,0,0,0,0,4.119700000000004,29.46,0.403503877347537,9.023464
200.36599999999999,14,172.14199999999997,1,1,1,8,86,0,0,0,0,0,0,0,0,0,0,3.9999000000000033,20.23,0.5871434867740054,9.022745
240.43099999999995,17,208.17499999999995,1,0,1,5,102,0,1,1,0,1,0,0,0,1,0,5.189800000000005,9.23,0.6423226069838455,9.021219
208.34499999999997,15,184.15299999999996,1,0,1,0,86,0,3,3,0,2,1,0,0,2,1,3.4837000000000025,9.23,0.5919406292151305,9.011932
198.35,14,172.14199999999997,1,1,1,0,84,0,1,1,0,1,0,0,0,1,0,3.7539000000000033,20.23,0.6281955989950503,9.009374
228.37599999999992,16,200.15199999999996,2,0,2,9,96,0,1,1,0,0,1,0,0,0,1,3.786900000000003,18.46,0.5590134301256071,9.008453
242.44699999999995,17,208.17499999999995,1,0,1,12,104,0,0,0,0,0,0,0,0,0,0,5.435800000000006,9.23,0.41425820786598333,9.006597
200.32199999999995,14,176.12999999999997,2,0,2,6,84,0,1,1,0,1,0,0,0,1,0,3.354300000000002,18.46,0.6120724299376086,9.004092
162.229,11,144.08499999999998,3,2,3,6,68,0,0,0,0,0,0,0,0,0,0,0.5448,49.69,0.599184757200167,8.996402
270.5009999999999,19,232.19699999999995,1,0,1,15,116,0,0,0,0,0,0,0,0,0,0,6.360100000000007,9.23,0.3145321110776985,8.995882
302.499,21,264.19499999999994,3,0,3,16,128,0,0,0,0,0,0,0,0,0,0,5.384000000000006,27.69,0.21741422208348052,8.985222
224.38799999999992,16,196.16399999999996,1,0,1,5,94,0,2,2,0,1,1,0,0,1,1,4.552100000000004,9.23,0.6653095958576739,8.97826
228.37599999999995,16,200.15199999999996,2,0,2,9,96,0,1,1,0,0,1,0,0,0,1,3.7885000000000026,18.46,0.5589899552148321,8.975982
248.30299999999994,16,223.10299999999995,3,1,4,8,96,0,1,1,0,1,0,0,0,1,0,3.8026000000000026,38.69,0.5241970551562055,8.972469
190.28299999999996,13,168.10699999999997,3,0,3,7,80,0,0,0,0,0,0,0,0,0,0,2.2616000000000005,27.69,0.5762672842216728,8.9687605
200.32199999999997,14,176.12999999999997,2,0,2,1,84,0,1,1,0,0,1,0,0,0,1,2.8626000000000014,18.46,0.6477309023319262,8.956978
242.44699999999995,17,208.17499999999995,1,1,1,11,104,0,0,0,0,0,0,0,0,0,0,5.027700000000006,20.23,0.5039137828062397,8.956487
300.527,21,260.20699999999994,2,0,2,16,128,0,0,0,0,0,0,0,0,0,0,5.9850000000000065,18.46,0.32614147715831526,8.9563875
182.307,13,160.13099999999997,1,0,1,1,76,0,2,2,0,1,1,0,0,1,1,3.095200000000002,9.23,0.6052402757089169,8.939016
262.481,19,228.20899999999995,0,0,0,2,110,0,4,4,0,4,0,0,0,4,0,6.055300000000006,0.0,0.5675461753022761,8.937402
282.333,19,256.12499999999994,7,3,7,14,116,0,0,0,0,0,0,0,0,0,0,0.39530000000000026,97.61000000000001,0.18346078733227722,8.928303
230.39199999999994,16,200.15199999999996,2,1,2,11,98,0,0,0,0,0,0,0,0,0,0,3.628000000000003,29.46,0.5492315210688387,8.922487
188.267,13,168.10699999999997,3,2,3,5,78,0,1,1,0,1,0,0,0,1,0,0.6482999999999999,49.69,0.6656836101753936,8.898578
178.319,13,156.14299999999997,0,0,0,2,74,0,3,3,0,3,0,0,0,3,0,3.858800000000003,0.0,0.6020866972637189,8.894054
212.37699999999992,15,184.15299999999996,1,0,1,3,90,0,1,1,0,0,1,0,0,0,1,4.409600000000004,9.23,0.6730704886523277,8.893273
284.484,20,248.19599999999994,2,1,2,11,120,0,1,1,0,1,0,0,0,1,0,4.939200000000006,29.46,0.544543819383001,8.886283
172.26799999999997,12,152.10799999999998,2,2,2,3,72,0,1,1,0,1,0,0,0,1,0,1.556,40.46,0.6778801280357921,8.885447
222.37199999999996,16,196.16399999999996,1,0,1,1,92,0,5,5,0,3,2,0,0,3,2,3.872200000000003,9.23,0.6541285336487024,8.874699
172.31199999999998,12,148.11999999999998,1,0,1,7,74,0,0,0,0,0,0,0,0,0,0,3.6278000000000024,9.23,0.569565048104556,8.87094
200.36599999999999,14,172.14199999999997,1,1,1,8,86,0,0,0,0,0,0,0,0,0,0,3.999900000000003,20.23,0.6276519152185794,8.8704
264.453,19,232.19699999999995,1,0,1,5,110,0,4,4,0,4,0,0,0,4,0,5.042500000000005,9.23,0.6754800439062366,8.856406
170.296,12,148.11999999999998,1,1,1,0,72,0,1,1,0,1,0,0,0,1,0,2.973700000000002,20.23,0.5923101508072851,8.846298
172.31199999999998,12,148.11999999999998,1,0,1,6,74,0,0,0,0,0,0,0,0,0,0,3.6262000000000025,9.23,0.5942520892960199,8.838314
216.36499999999995,15,188.14099999999996,2,1,2,10,92,0,0,0,0,0,0,0,0,0,0,3.3804000000000025,29.46,0.5672453792867435,8.835255
216.36499999999995,15,188.14099999999996,2,1,2,9,92,0,0,0,0,0,0,0,0,0,0,3.3804000000000025,29.46,0.5986880228900823,8.833109
232.3199999999999,16,208.12799999999996,4,0,4,7,96,0,1,1,0,1,0,0,0,1,0,3.2207000000000017,36.92,0.2921510468787555,8.830659
170.29599999999996,12,148.11999999999998,1,0,1,5,72,0,1,1,0,1,0,0,0,1,0,2.951100000000001,9.23,0.6161271574680818,8.828102
226.40399999999994,16,196.16399999999996,1,0,1,8,96,0,1,1,0,1,0,0,0,1,0,4.655600000000004,9.23,0.5471250075161636,8.82402
200.32199999999995,14,176.12999999999997,2,1,2,9,84,0,1,1,0,1,0,0,0,1,0,2.7459000000000016,29.46,0.5798682572555769,8.821926
288.428,20,256.17199999999997,4,1,4,14,120,0,1,1,0,1,0,0,0,1,0,3.4711000000000025,47.92,0.39259807129728,8.820791
212.37699999999995,15,184.15299999999996,1,1,1,6,90,0,1,1,0,1,0,0,0,1,0,4.1456000000000035,20.23,0.5178931496956323,8.814185
220.309,15,196.11699999999996,4,2,4,10,92,0,0,0,0,0,0,0,0,0,0,0.9515,58.92,0.5381867674161128,8.80978
242.44699999999995,17,208.17499999999995,1,1,1,12,104,0,0,0,0,0,0,0,0,0,0,5.1718000000000055,20.23,0.46795118212957043,8.808803
230.39199999999997,16,200.15199999999996,2,1,2,11,98,0,0,0,0,0,0,0,0,0,0,4.118100000000004,29.46,0.5410345555916415,8.806196
186.29499999999996,13,164.11899999999997,2,0,2,5,78,0,1,1,0,0,1,0,0,0,1,2.474100000000001,18.46,0.614046306056055,8.802699
198.34999999999997,14,172.14199999999997,1,0,1,2,84,0,1,1,0,0,1,0,0,0,1,3.8754000000000035,9.23,0.6541138114391568,8.798634
200.30599999999998,13,175.10599999999997,0,0,1,5,78,0,1,1,0,1,0,0,0,1,0,4.147200000000003,0.0,0.46178844764612775,8.79723
198.34999999999997,14,172.14199999999997,1,0,1,5,84,0,1,1,0,0,1,0,0,0,1,4.017900000000004,9.23,0.6062725557297282,8.789233
228.37599999999998,16,200.15199999999996,2,2,2,8,96,0,1,1,0,1,0,0,0,1,0,2.829800000000002,40.46,0.6704359202276506,8.784374
252.30699999999996,17,228.11499999999995,6,0,6,13,104,0,0,0,0,0,0,0,0,0,0,0.9966999999999999,55.38000000000001,0.21084343901085775,8.778719
214.39299999999997,15,184.15299999999996,1,0,1,10,92,0,0,0,0,0,0,0,0,0,0,4.798100000000004,9.23,0.474689768103841,8.773853
176.25599999999997,12,156.09599999999998,3,1,3,5,74,0,0,0,0,0,0,0,0,0,0,1.5465,38.69,0.5099319315958978,8.765135
218.33699999999996,15,192.12899999999996,3,0,3,10,92,0,0,0,0,0,0,0,0,0,0,2.838300000000001,27.69,0.527681209156397,8.753026
226.4479999999999,16,192.17599999999996,0,0,0,5,98,0,1,1,0,1,0,0,0,1,0,6.343500000000007,0.0,0.47951770954109185,8.748185
214.3489999999999,15,188.14099999999996,2,1,2,5,90,0,1,1,0,0,1,0,0,0,1,3.134400000000002,29.46,0.7124281575493454,8.744162
212.37699999999995,15,184.15299999999996,1,1,1,9,90,0,1,1,0,1,0,0,0,1,0,4.1456000000000035,20.23,0.5693336700056736,8.740086
186.339,13,160.13099999999997,1,1,1,8,80,0,0,0,0,0,0,0,0,0,0,3.611400000000003,20.23,0.5740876025461327,8.739025
188.311,13,164.11899999999997,2,2,2,7,80,0,0,0,0,0,0,0,0,0,0,2.3346000000000005,40.46,0.6019727423906893,8.737939
172.31199999999995,12,148.11999999999998,1,1,1,6,74,0,0,0,0,0,0,0,0,0,0,3.2197000000000022,20.23,0.6519448120286946,8.737442
186.251,13,168.10699999999997,3,1,3,1,76,0,2,2,0,1,1,0,0,1,1,1.9272,38.69,0.5020509184934859,8.723944
146.23,10,128.08599999999998,2,1,2,4,62,0,0,0,0,0,0,0,0,0,0,1.2858,29.46,0.6471975361123775,8.701631
188.31099999999998,13,164.11899999999997,2,1,2,7,80,0,0,0,0,0,0,0,0,0,0,2.4561,29.46,0.6647354185609021,8.698501
214.34899999999993,15,188.14099999999996,2,0,2,5,90,0,1,1,0,0,1,0,0,0,1,4.093600000000004,18.46,0.6415840766661531,8.693382
202.33799999999994,14,176.12999999999997,2,1,2,9,86,0,0,0,0,0,0,0,0,0,0,2.847800000000001,29.46,0.5825488369700945,8.690824
240.43099999999995,17,208.17499999999995,1,1,1,3,102,0,1,1,0,1,0,0,0,1,0,4.780100000000005,20.23,0.752398439482249,8.68926
244.41899999999993,17,212.16299999999995,2,1,2,11,104,0,0,0,0,0,0,0,0,0,0,4.016500000000004,29.46,0.594687447332829,8.685245
246.39099999999993,17,216.15099999999995,3,1,3,13,104,0,0,0,0,0,0,0,0,0,0,4.411900000000004,38.69,0.2970188894781299,8.679337
262.39,18,232.14999999999995,4,1,4,11,110,0,0,0,0,0,0,0,0,0,0,2.7334000000000014,47.92,0.4592694871124974,8.67724
200.36599999999999,14,172.14199999999997,1,0,1,9,86,0,0,0,0,0,0,0,0,0,0,4.265500000000004,9.23,0.5051327943989687,8.6757965
236.44299999999993,17,204.18699999999995,0,0,0,12,100,0,0,0,0,0,0,0,0,0,0,5.9568000000000065,0.0,0.2896908588658966,8.671806
186.33899999999997,13,160.13099999999997,1,1,1,7,80,0,0,0,0,0,0,0,0,0,0,3.6098000000000026,20.23,0.6437084026429191,8.6699915
234.29199999999997,16,212.11599999999996,5,1,5,6,96,0,1,1,0,0,1,0,0,0,1,1.1029999999999998,57.150000000000006,0.6974513275627819,8.6533575
228.37599999999992,16,200.15199999999996,2,0,2,9,96,0,1,1,0,1,0,0,0,1,0,3.7885000000000026,18.46,0.5975560044210824,8.63677
214.34899999999996,15,188.14099999999996,2,2,2,6,90,0,1,1,0,1,0,0,0,1,0,2.7263000000000015,40.46,0.6674180905286768,8.632947
170.29599999999996,12,148.11999999999998,1,0,1,2,72,0,1,1,0,1,0,0,0,1,0,3.237700000000002,9.23,0.5780401556236584,8.614864
220.30899999999997,15,196.11699999999996,4,3,4,10,92,0,0,0,0,0,0,0,0,0,0,1.8059,69.92,0.2981719929753471,8.613592
172.31199999999995,12,148.11999999999998,1,1,1,5,74,0,0,0,0,0,0,0,0,0,0,3.2197000000000022,20.23,0.6748063418285215,8.609581
218.337,15,192.12899999999996,3,2,3,9,92,0,0,0,0,0,0,0,0,0,0,1.9610999999999998,49.69,0.5816334445147888,8.606723
186.33899999999997,13,160.13099999999997,1,1,1,6,80,0,0,0,0,0,0,0,0,0,0,3.611400000000003,20.23,0.6715671881974185,8.605408
186.295,13,164.11899999999997,2,0,2,0,78,0,1,1,0,0,1,0,0,0,1,3.106700000000002,18.46,0.5784548026284138,8.593608
214.39299999999997,15,184.15299999999996,1,0,1,9,92,0,0,0,0,0,0,0,0,0,0,4.511500000000004,9.23,0.5484380172983714,8.587786
199.29399999999995,14,178.12599999999998,3,1,3,3,82,0,2,2,0,0,2,0,0,0,2,1.1637,44.480000000000004,0.7416194012495109,8.58274
186.33899999999997,13,160.13099999999997,1,1,1,7,80,0,0,0,0,0,0,0,0,0,0,3.467300000000003,20.23,0.645246812844437,8.575223
188.31099999999998,13,164.11899999999997,2,1,2,9,80,0,0,0,0,0,0,0,0,0,0,3.862700000000002,29.46,0.33801574408986007,8.5735235
286.456,20,252.18399999999994,3,1,3,7,120,0,1,1,0,1,0,0,0,1,0,5.312500000000005,38.69,0.39125658744643865,8.572608
268.48499999999996,19,232.19699999999995,1,0,1,3,114,0,1,1,0,1,0,0,0,1,0,5.681800000000006,9.23,0.6393894249236773,8.571539
267.501,19,230.20499999999996,1,1,1,9,114,0,1,1,0,1,0,0,0,1,0,5.254800000000005,12.03,0.6010184587159654,8.570133
239.40299999999993,17,210.17099999999996,2,0,2,5,100,0,2,2,0,1,1,0,0,1,1,3.6612000000000027,12.47,0.7257046402343403,8.549209
228.42,16,196.16399999999996,1,1,1,11,98,0,0,0,0,0,0,0,0,0,0,4.924200000000004,20.23,0.49740054339698203,8.541544
188.31099999999995,13,164.11899999999997,2,1,2,8,80,0,0,0,0,0,0,0,0,0,0,2.600200000000001,29.46,0.6341760237845827,8.528496
214.34899999999993,15,188.14099999999996,2,1,2,6,90,0,1,1,0,1,0,0,0,1,0,2.9903000000000013,29.46,0.6887414760210964,8.523657
248.3029999999999,16,223.10299999999995,3,1,4,2,96,0,1,1,0,0,1,0,0,0,1,2.9218000000000015,38.69,0.7635613555908183,8.517202
206.28199999999998,14,184.10599999999997,4,2,4,8,86,0,0,0,0,0,0,0,0,0,0,1.6782,58.92,0.3601957287274835,8.515746
244.33099999999993,17,220.13899999999995,4,0,4,1,100,0,2,2,0,0,2,0,0,0,2,1.8255000000000001,36.92,0.7048767227769288,8.512857
212.33299999999997,15,188.14099999999996,2,0,2,4,88,0,2,2,0,0,2,0,0,0,2,3.008300000000002,21.759999999999998,0.6681489251559584,8.511373
257.41799999999995,18,226.16999999999996,3,0,3,4,108,0,1,1,0,0,1,0,0,0,1,3.6353000000000026,21.700000000000003,0.7673114148300456,8.510584
202.338,14,176.12999999999997,2,1,2,9,86,0,0,0,0,0,0,0,0,0,0,4.251200000000003,29.46,0.3438760417333229,8.499701
198.34999999999997,14,172.14199999999997,1,1,1,1,84,0,1,1,0,1,0,0,0,1,0,3.4673000000000025,20.23,0.6396550531067573,8.497676
288.428,20,256.17199999999997,4,1,4,4,120,0,1,1,0,0,1,0,0,0,1,4.036800000000003,47.92,0.626338005953923,8.4970045
188.311,13,164.11899999999997,2,2,2,7,80,0,0,0,0,0,0,0,0,0,0,2.1921000000000004,40.46,0.6427058855875727,8.474446
256.42999999999995,18,224.17399999999995,2,1,2,12,108,0,1,1,0,1,0,0,0,1,0,4.162200000000005,29.46,0.5312122335538949,8.473579
214.39299999999997,15,184.15299999999996,1,1,1,9,92,0,0,0,0,0,0,0,0,0,0,4.247500000000004,20.23,0.6081957889250433,8.458208
200.32199999999997,14,176.12999999999997,2,0,2,7,84,0,1,1,0,0,1,0,0,0,1,2.865800000000001,18.46,0.5882929181821754,8.457792
232.36399999999995,16,204.13999999999996,3,0,3,10,98,0,0,0,0,0,0,0,0,0,0,3.779500000000003,27.69,0.24818648873994528,8.452286
286.456,20,252.18399999999994,3,0,3,13,120,0,1,1,0,0,1,0,0,0,1,4.339300000000004,27.69,0.47137809914766965,8.448829
232.36399999999998,16,204.13999999999996,3,1,3,11,98,0,0,0,0,0,0,0,0,0,0,3.8777000000000026,38.69,0.3336430308472386,8.42735
170.29600000000002,12,148.11999999999998,1,1,1,0,72,0,1,1,0,1,0,0,0,1,0,2.9737000000000022,20.23,0.5923101508072851,8.427294
172.22399999999993,12,156.09599999999998,3,1,3,2,70,0,2,2,0,1,1,0,0,1,1,0.7663,38.69,0.6682023835221628,8.424767
199.33799999999997,14,174.13799999999995,2,1,2,2,84,0,1,1,0,0,1,0,0,0,1,3.200800000000001,35.25,0.7409116858135198,8.421645
228.80699999999996,15,203.60699999999997,0,0,1,6,88,0,0,0,0,0,0,0,0,0,0,4.573100000000005,0.0,0.46151441793593456,8.4153595
245.40699999999995,17,214.15899999999996,3,1,3,10,104,0,0,0,0,0,0,0,0,0,0,2.829200000000001,44.480000000000004,0.6434535397949213,8.412952
202.294,14,180.11799999999997,3,1,3,5,84,0,1,1,0,0,1,0,0,0,1,2.992400000000001,38.69,0.5499163066919123,8.395813
250.33899999999997,17,224.13099999999994,6,3,6,11,104,0,0,0,0,0,0,0,0,0,0,1.0312,74.19000000000001,0.37557703218840927,8.393
232.31999999999996,16,208.12799999999996,4,2,4,6,96,0,1,1,0,0,1,0,0,0,1,2.2108,58.92,0.5442847259186717,8.369445
216.27699999999996,15,196.11699999999996,4,2,4,6,88,0,3,3,0,1,2,0,0,1,2,1.4338,58.92,0.4004570798399572,8.362456
157.25699999999998,11,138.105,2,0,2,3,66,0,1,1,0,0,1,0,0,0,1,1.8499999999999999,15.77,0.5810082025218217,8.361875
214.34899999999993,15,188.14099999999996,2,1,2,5,90,0,1,1,0,0,1,0,0,0,1,3.134400000000002,29.46,0.7615802740116293,8.351986
180.19999999999996,12,164.07199999999997,5,4,5,5,74,0,0,0,0,0,0,0,0,0,0,-1.5529000000000002,90.15,0.38440299283180507,8.350842
231.37999999999994,16,202.14799999999997,3,0,3,10,98,0,0,0,0,0,0,0,0,0,0,3.5912000000000024,21.700000000000003,0.42345959866427113,8.350118
232.40799999999993,16,200.15199999999996,2,0,2,10,100,0,0,0,0,0,0,0,0,0,0,4.282100000000003,18.46,0.5233231728846596,8.3426
258.40599999999995,18,228.16599999999997,4,2,4,11,108,0,1,1,0,1,0,0,0,1,0,3.1469000000000014,42.519999999999996,0.33929906996574966,8.341144
186.33899999999997,13,160.13099999999997,1,0,1,6,80,0,0,0,0,0,0,0,0,0,0,4.017900000000004,9.23,0.5692855993932663,8.337554
183.29499999999996,13,162.12699999999995,2,0,2,7,76,0,0,0,0,0,0,0,0,0,0,3.2739800000000017,33.019999999999996,0.5673831674570939,8.336182
232.36399999999995,16,204.13999999999996,3,1,3,11,98,0,0,0,0,0,0,0,0,0,0,2.759300000000002,38.69,0.5566871489405528,8.335164
292.37199999999996,20,264.14799999999997,6,3,6,11,120,0,1,1,0,1,0,0,0,1,0,2.6642,88.38000000000001,0.23473332816145728,8.331219
243.39099999999996,17,214.15899999999996,3,3,3,5,102,0,1,1,0,1,0,0,0,1,0,1.9078999999999993,66.48,0.6907603401208704,8.318041
268.42499999999995,18,235.16099999999994,0,0,1,10,106,0,0,0,0,0,0,0,0,0,0,5.752500000000007,0.0,0.3492488477446084,8.296952
196.33399999999995,14,172.14199999999997,1,0,1,3,82,0,2,2,0,2,0,0,0,2,0,3.4853000000000023,9.23,0.6711702784998482,8.292585
199.38199999999992,14,170.14999999999998,1,1,1,8,86,0,0,0,0,0,0,0,0,0,0,4.110400000000003,26.02,0.584899682710683,8.281934
230.39199999999997,16,200.15199999999996,2,1,2,11,98,0,0,0,0,0,0,0,0,0,0,3.9130000000000034,29.46,0.5452294754993942,8.280005
204.30999999999997,14,180.11799999999997,3,1,3,8,86,0,0,0,0,0,0,0,0,0,0,1.835,38.69,0.6553563739311259,8.276594
271.44499999999994,19,238.18099999999995,3,2,3,10,114,0,1,1,0,1,0,0,0,1,0,2.968400000000002,41.489999999999995,0.6002594021777446,8.273449
187.32699999999994,13,162.12699999999998,2,1,2,8,80,0,0,0,0,0,0,0,0,0,0,2.4372000000000007,21.259999999999998,0.5892903486681691,8.263783
293.539,21,254.22699999999995,1,1,1,3,124,0,2,2,0,1,1,0,0,1,1,6.075600000000006,12.03,0.6650270160675323,8.263509
199.33799999999997,14,174.13799999999998,2,2,2,2,84,0,1,1,0,1,0,0,0,1,0,2.3026,46.25,0.7165752483255785,8.259673
116.15999999999998,8,104.06399999999998,2,0,2,0,48,0,1,1,0,0,1,0,0,0,1,1.5053999999999998,18.46,0.44644270925422197,8.259653
257.43699999999995,18,225.18099999999995,1,1,2,4,108,0,1,1,0,0,1,0,0,0,1,4.421000000000004,12.03,0.785798493844223,8.254068
228.37599999999998,16,200.15199999999996,2,1,2,9,96,0,1,1,0,0,1,0,0,0,1,3.522900000000003,29.46,0.6117930944963196,8.247333
201.26599999999993,14,182.11399999999998,4,1,4,4,82,0,1,1,0,0,1,0,0,0,1,1.5680999999999998,53.71000000000001,0.7013379440892183,8.246752
246.39099999999996,17,216.15099999999995,3,1,3,12,104,0,0,0,0,0,0,0,0,0,0,3.006900000000002,38.69,0.5379824159414541,8.226083
202.33799999999997,14,176.12999999999997,2,1,2,10,86,0,0,0,0,0,0,0,0,0,0,4.252800000000003,29.46,0.32578871950295835,8.208338
230.34799999999998,16,204.13999999999996,3,1,3,6,96,0,1,1,0,1,0,0,0,1,0,3.3451000000000013,38.69,0.4318715670356108,8.198045
282.512,20,244.20799999999994,1,0,1,7,120,0,1,1,0,0,1,0,0,0,1,6.212800000000007,9.23,0.5388848122650132,8.177123
188.31099999999995,13,164.11899999999997,2,2,2,8,80,0,0,0,0,0,0,0,0,0,0,2.3362000000000003,40.46,0.6135269241057303,8.177025
213.40899999999996,15,182.16099999999994,1,1,1,9,92,0,0,0,0,0,0,0,0,0,0,4.356400000000003,26.02,0.5659315456045299,8.171788
240.43099999999995,17,208.17499999999995,1,0,1,13,102,0,0,0,0,0,0,0,0,0,0,5.355900000000005,9.23,0.31107511331731136,8.170555
206.37299999999993,15,180.16499999999996,0,0,0,5,86,0,2,2,0,2,0,0,0,2,0,4.949200000000005,0.0,0.4408565406271953,8.155205
158.24099999999999,11,140.09699999999998,2,2,2,3,66,0,1,1,0,1,0,0,0,1,0,1.0202,40.46,0.6434992788905947,8.150195
176.26,12,156.1,4,3,4,6,74,0,0,0,0,0,0,0,0,0,0,1.1007999999999998,55.730000000000004,0.41883510694733583,8.142796
216.369,15,188.14499999999998,3,2,3,9,92,0,0,0,0,0,0,0,0,0,0,1.8939,61.269999999999996,0.5786145918326161,8.135116
185.31099999999998,13,162.12699999999998,2,1,2,1,78,0,1,1,0,0,1,0,0,0,1,2.1911999999999994,21.259999999999998,0.6758993867778423,8.1289215
197.366,14,170.14999999999998,1,1,1,5,84,0,1,1,0,1,0,0,0,1,0,3.4337000000000026,26.02,0.7176619142565726,8.128308
276.417,19,244.16099999999994,4,0,4,16,116,0,0,0,0,0,0,0,0,0,0,3.7383000000000033,36.92,0.24438744109346433,8.125527
239.4469999999999,17,206.18299999999996,1,1,1,6,102,0,1,1,0,1,0,0,0,1,0,4.761200000000005,12.03,0.6588837594362411,8.117642
202.33799999999997,14,176.12999999999997,2,1,2,9,86,0,0,0,0,0,0,0,0,0,0,4.1087000000000025,29.46,0.34621035012235735,8.116713
249.35099999999994,17,222.13499999999996,5,1,5,12,104,0,0,0,0,0,0,0,0,0,0,0.7162999999999997,51.16,0.4077866856126832,8.07885
187.32699999999997,13,162.12699999999998,2,0,2,7,80,0,0,0,0,0,0,0,0,0,0,2.8794000000000013,12.47,0.5682174277973249,8.078756
233.3559999999999,16,206.14,5,3,5,11,98,0,0,0,0,0,0,0,0,0,0,1.1263000000000007,70.75,0.36844695102552655,8.077678
292.50699999999995,21,256.21899999999994,1,0,1,5,122,0,2,2,0,1,1,0,0,1,1,6.136100000000007,9.23,0.436857895269927,8.075646
227.39199999999997,16,198.15999999999997,2,1,2,3,96,0,1,1,0,0,1,0,0,0,1,3.5040000000000022,21.259999999999998,0.7964664143189181,8.071327
236.30799999999996,16,212.11599999999996,5,3,5,10,98,0,0,0,0,0,0,0,0,0,0,1.0422999999999998,79.15,0.2999438793836725,8.067684
154.25699999999998,11,136.11299999999997,2,1,2,5,64,0,2,2,0,0,2,0,0,0,2,0.8326,24.950000000000003,0.5933460218184361,8.061977
183.33899999999997,13,158.13899999999998,1,0,1,2,78,0,1,1,0,0,1,0,0,0,1,3.1545000000000023,3.24,0.6354327454282007,8.060186
201.35399999999998,14,174.13799999999998,2,1,2,8,86,0,0,0,0,0,0,0,0,0,0,3.5225000000000026,21.259999999999998,0.4790176450507714,8.059576
213.40899999999996,15,182.16099999999994,1,1,1,11,92,0,0,0,0,0,0,0,0,0,0,4.515200000000004,12.03,0.49773846650802067,8.051396
244.37499999999991,17,216.15099999999995,3,2,3,11,102,0,0,0,0,0,0,0,0,0,0,2.517300000000001,49.69,0.4335569385591013,8.04549
179.21599999999998,12,162.07999999999996,5,4,5,5,74,0,0,0,0,0,0,0,0,0,0,-2.027799999999999,84.16000000000001,0.3658487465430211,8.04509
206.28199999999998,14,184.10599999999997,4,3,4,9,86,0,0,0,0,0,0,0,0,0,0,1.5598999999999998,69.92,0.304030970169177,8.0430765
245.40699999999993,17,214.15899999999996,3,1,3,13,104,0,0,0,0,0,0,0,0,0,0,2.8455000000000013,30.49,0.5061499984154657,8.031061
156.26899999999998,11,136.10899999999998,1,1,1,5,66,0,0,0,0,0,0,0,0,0,0,2.7513000000000014,20.23,0.6067463726043822,8.027124
185.31099999999998,13,162.12699999999998,2,1,2,1,78,0,1,1,0,0,1,0,0,0,1,2.1912000000000003,21.259999999999998,0.6758993867778423,8.025324
235.32399999999993,16,210.12399999999997,5,2,5,11,98,0,0,0,0,0,0,0,0,0,0,0.7200999999999997,59.95,0.40804499172917474,8.022355
280.49600000000004,20,244.20799999999994,1,0,1,7,118,0,1,1,0,0,1,0,0,0,1,5.8463000000000065,9.23,0.5317423041292582,8.020191
217.309,15,194.12499999999994,4,2,4,4,90,0,1,1,0,0,1,0,0,0,1,0.5782,52.93000000000001,0.6763218427447946,8.010677
213.36499999999992,15,186.14899999999997,2,1,2,6,90,0,1,1,0,1,0,0,0,1,0,3.1765000000000017,21.259999999999998,0.5403002529554242,8.004981
214.349,15,188.14099999999996,2,1,2,2,90,0,1,1,0,1,0,0,0,1,0,4.107100000000003,29.46,0.5535016522417876,7.9861135
155.28499999999997,11,134.117,1,0,1,0,66,0,1,1,0,0,1,0,0,0,1,2.516800000000001,3.24,0.5193367951146325,7.9822373
203.32599999999996,14,178.12599999999998,3,2,3,9,86,0,0,0,0,0,0,0,0,0,0,1.539,55.480000000000004,0.5588503466614998,7.9789186
212.38099999999994,15,184.15699999999998,2,2,2,1,90,0,1,1,0,1,0,0,0,1,0,2.5150000000000006,52.04,0.7014821436925407,7.9694395
183.33899999999997,13,158.13899999999995,1,0,1,3,78,0,1,1,0,0,1,0,0,0,1,3.1545000000000023,3.24,0.6494386429234151,7.9571195
200.21799999999996,13,183.08199999999997,2,1,3,3,74,0,0,1,0,0,1,0,0,0,0,1.5756999999999997,29.46,0.5532710869815813,7.946836
231.37999999999997,16,202.14799999999997,3,0,3,11,98,0,0,0,0,0,0,0,0,0,0,2.8976000000000015,21.700000000000003,0.4029934136973707,7.946832
199.294,14,178.12599999999998,3,2,3,8,82,0,0,0,0,0,0,0,0,0,0,0.9803999999999997,41.489999999999995,0.34771950736288953,7.93598
188.26699999999997,13,168.10699999999997,3,1,3,8,78,0,0,0,0,0,0,0,0,0,0,1.7126,38.69,0.465321690785953,7.9155746
243.39099999999993,17,214.15899999999996,3,2,3,9,102,0,1,1,0,0,1,0,0,0,1,2.0204,43.7,0.608951123935148,7.9052305
212.337,15,188.14499999999998,3,1,3,1,88,0,2,2,0,0,2,0,0,0,2,2.4872000000000005,24.5,0.7224544789134509,7.902318
191.27100000000002,13,170.10299999999998,4,2,4,8,80,0,0,0,0,0,0,0,0,0,0,1.1266999999999998,50.72,0.4458100169134822,7.8976936
193.31199999999998,12,174.15999999999997,4,2,4,6,74,0,0,0,0,0,0,0,0,0,0,1.3645,55.480000000000004,0.37983056387778125,7.8954954
208.34899999999993,15,184.15699999999998,2,1,2,6,86,0,1,1,0,0,1,0,0,0,1,2.2097999999999995,15.27,0.5316449826075427,7.85709
240.38699999999997,17,212.16299999999995,2,2,2,2,100,0,1,1,0,1,0,0,0,1,0,3.1384000000000016,40.46,0.7279874694475287,7.8549953
182.30699999999996,13,160.13099999999997,1,0,1,5,76,0,1,1,0,1,0,0,0,1,0,3.403800000000002,9.23,0.5920323990513778,7.8524966
213.36499999999995,15,186.14899999999997,2,1,2,8,90,0,1,1,0,1,0,0,0,1,0,2.828900000000001,21.259999999999998,0.6260291365594649,7.841213
201.31,14,178.12599999999998,3,1,3,1,84,0,1,1,0,0,1,0,0,0,1,1.7736,30.490000000000002,0.7011444604851167,7.832244
216.32499999999996,15,192.13299999999998,4,3,4,1,90,0,1,1,0,0,1,0,0,0,1,-0.18579999999999858,67.51,0.5683891380848467,7.8249497
234.33999999999995,16,208.13199999999995,5,3,5,8,98,0,0,0,0,0,0,0,0,0,0,0.2751999999999999,76.74,0.5257324060867702,7.817788
266.769,17,243.58499999999995,5,3,6,7,102,0,1,1,0,0,1,0,0,0,1,1.7890999999999997,62.75,0.37255395415542214,7.8161707
214.30899999999994,15,192.13299999999998,4,2,4,8,88,0,0,0,0,0,0,0,0,0,0,1.95448,65.28,0.4785815647478299,7.796784
193.227,12,173.06699999999998,3,0,4,6,74,0,0,0,0,0,0,0,0,0,0,1.4959,21.700000000000003,0.47103255751117645,7.7928133
244.37499999999994,17,216.15099999999995,3,1,3,8,102,0,1,1,0,1,0,0,0,1,0,3.589500000000002,38.69,0.5236129055690381,7.7906365
197.36599999999999,14,170.14999999999998,1,1,1,0,84,0,1,1,0,0,1,0,0,0,1,3.735000000000002,12.03,0.6236412470713505,7.7893834
224.38799999999995,16,196.16399999999996,1,0,1,9,94,0,0,0,0,0,0,0,0,0,0,4.411400000000004,9.23,0.41616920374702,7.772169
212.38099999999997,15,184.15699999999998,2,2,2,8,90,0,1,1,0,0,1,0,0,0,1,2.5428000000000006,24.06,0.6459323137418969,7.7654505
202.34199999999996,14,176.134,3,2,3,9,86,0,0,0,0,0,0,0,0,0,0,2.0581000000000005,61.269999999999996,0.4442011847947424,7.7609057
206.29,14,184.11399999999998,6,4,6,8,86,0,0,0,0,0,0,0,0,0,0,-0.5409999999999984,82.78,0.3152597404863846,7.7593565
275.389,19,246.15699999999995,5,2,5,13,114,0,1,1,0,1,0,0,0,1,0,1.0102000000000004,59.95,0.38794780709010823,7.7535443
182.35099999999994,13,156.14299999999997,0,0,0,6,78,0,0,0,0,0,0,0,0,0,0,4.661000000000004,0.0,0.5239939576734919,7.752592
214.35299999999998,15,188.14499999999995,3,2,3,7,90,0,1,1,0,0,1,0,0,0,1,1.4857999999999998,35.269999999999996,0.6302312040322461,7.742227
199.33799999999997,14,174.13799999999998,2,2,2,7,84,0,1,1,0,1,0,0,0,1,0,2.315700000000001,32.26,0.6167215802529498,7.7416897
224.43199999999993,16,192.17599999999996,0,0,0,11,96,0,0,0,0,0,0,0,0,0,0,5.975400000000006,0.0,0.29920199059209196,7.74117
186.295,13,164.11899999999997,2,0,2,7,78,0,0,0,0,0,0,0,0,0,0,2.806800000000001,26.3,0.571410521102884,7.7282534
199.338,14,174.13799999999998,2,1,2,3,84,0,1,1,0,1,0,0,0,1,0,2.709100000000001,35.25,0.7582126786520027,7.728117
201.30999999999995,14,178.12599999999998,3,1,3,8,84,0,1,1,0,1,0,0,0,1,0,2.1081000000000003,44.480000000000004,0.3714412296446456,7.7235384
213.36499999999995,15,186.14899999999994,2,0,2,0,90,0,1,1,0,0,1,0,0,0,1,3.416800000000002,12.47,0.61114431975263,7.7052765
230.30399999999992,16,208.12799999999996,4,1,4,2,94,0,2,2,0,1,1,0,0,1,1,2.3729000000000005,47.92,0.5841655161709165,7.703584
157.25699999999998,11,138.10499999999996,2,2,2,3,66,0,1,1,0,1,0,0,0,1,0,1.0029,32.26,0.640388489728299,7.6989727
189.29899999999998,13,166.11499999999995,3,1,3,7,80,0,0,0,0,0,0,0,0,0,0,2.3247,30.49,0.49227342165030935,7.690794
193.33399999999997,14,170.14999999999998,1,1,1,4,80,0,1,1,0,1,0,0,0,1,0,2.943500000000001,26.02,0.6825196936756875,7.682297
215.33699999999996,15,190.13699999999997,3,1,3,2,90,0,1,1,0,0,1,0,0,0,1,1.3633000000000002,32.7,0.754799303925573,7.6759644
203.28199999999998,14,182.11399999999998,3,1,4,6,84,0,0,0,0,0,0,0,0,0,0,1.4833,49.77,0.6651895600717276,7.6672335
197.36599999999996,14,170.14999999999998,1,1,1,6,84,0,1,1,0,1,0,0,0,1,0,3.592500000000003,12.03,0.6416216771254303,7.6631236
185.31099999999995,13,162.12699999999998,2,1,2,1,78,0,1,1,0,0,1,0,0,0,1,2.319,35.25,0.6801477500826921,7.661236
227.43599999999995,16,194.17199999999997,1,1,1,11,98,0,0,0,0,0,0,0,0,0,0,4.761200000000004,12.03,0.5017452144202789,7.6535616
211.39299999999997,15,182.16099999999997,1,0,1,0,90,0,1,1,0,0,1,0,0,0,1,4.221300000000004,3.24,0.5796259901027859,7.6397696
227.39199999999997,16,198.15999999999997,2,2,2,6,96,0,1,1,0,0,1,0,0,0,1,3.097500000000001,32.26,0.6834367945065108,7.6383715
201.314,14,178.12999999999997,4,1,4,3,84,0,1,1,0,0,1,0,0,0,1,0.5094000000000005,27.740000000000002,0.7198380314115658,7.6207876
198.34999999999994,14,172.14199999999997,1,1,1,9,84,0,0,0,0,0,0,0,0,0,0,3.9200000000000035,20.23,0.43958222109641304,7.620619
182.35099999999994,13,156.14299999999997,0,0,0,9,78,0,0,0,0,0,0,0,0,0,0,4.949200000000005,0.0,0.34945905405140465,7.6158934
265.419,17,238.20299999999995,5,1,5,13,104,0,0,0,0,0,0,0,0,0,0,2.569400000000001,53.71000000000001,0.23997816265215988,7.612293
185.31099999999998,13,162.12699999999998,2,1,2,2,78,0,1,1,0,0,1,0,0,0,1,2.5372000000000003,21.259999999999998,0.7135431331483079,7.6106706
198.34999999999997,14,172.14199999999997,1,0,1,8,84,0,0,0,0,0,0,0,0,0,0,4.041500000000003,9.23,0.534773344128284,7.6086445
172.22399999999996,12,156.09599999999998,3,3,3,5,70,0,1,1,0,1,0,0,0,1,0,0.05680000000000002,60.69,0.5137117977084793,7.5977135
215.34099999999995,15,190.14099999999996,4,4,4,8,90,0,1,1,0,1,0,0,0,1,0,-0.46869999999999834,70.31,0.4417802714465668,7.593234
217.35299999999995,15,190.13699999999997,3,2,3,10,92,0,0,0,0,0,0,0,0,0,0,2.2767000000000004,55.480000000000004,0.43582128839458434,7.585827
271.44499999999994,19,238.18099999999995,3,2,3,7,114,0,1,1,0,0,1,0,0,0,1,3.3176000000000023,41.489999999999995,0.5511566317460642,7.551732
198.30599999999998,14,176.12999999999997,2,0,2,8,82,0,1,1,0,1,0,0,0,1,0,2.641800000000001,18.46,0.4407443868455028,7.5502625
243.34699999999998,17,218.14699999999996,4,0,4,9,100,0,1,1,0,0,1,0,0,0,1,2.01,30.93,0.3520119507210967,7.536328
193.33399999999992,14,170.14999999999998,1,1,1,2,80,0,0,1,0,1,0,0,0,0,0,3.087600000000002,26.02,0.6700515298772286,7.534561
187.28699999999998,13,166.11899999999997,4,3,4,5,78,0,1,1,0,0,1,0,0,0,1,-0.4459999999999986,47.53,0.5456636943717252,7.5138626
172.268,12,152.10799999999998,2,0,2,7,72,0,0,0,0,0,0,0,0,0,0,2.7643000000000013,26.3,0.5518533098552002,7.512356
200.32199999999995,14,176.12999999999997,2,1,2,9,84,0,0,0,0,0,0,0,0,0,0,2.6238000000000015,29.46,0.45776317539146644,7.49695
218.29299999999998,15,196.11699999999996,4,0,4,8,90,0,0,0,0,0,0,0,0,0,0,1.6272,44.760000000000005,0.45858737309418546,7.48001
186.295,13,164.11899999999997,2,1,2,9,78,0,0,0,0,0,0,0,0,0,0,2.8695000000000017,29.46,0.4429684960843306,7.4745865
224.392,16,196.16799999999998,2,2,2,5,94,0,2,2,0,1,1,0,0,1,1,2.528100000000001,38.05,0.7528907010844228,7.474092
185.31099999999998,13,162.12699999999998,2,1,2,3,78,0,1,1,0,0,1,0,0,0,1,2.0471,21.259999999999998,0.7263126559117057,7.450794
250.38199999999995,18,224.17399999999995,2,0,2,5,102,0,3,3,0,3,0,0,0,3,0,3.5629000000000026,18.46,0.6945535243787833,7.4449553
194.36199999999997,14,168.15399999999997,0,0,0,1,82,0,1,1,0,1,0,0,0,1,0,4.949200000000005,0.0,0.5180881477265764,7.443997
228.37999999999997,16,200.15599999999998,3,2,3,4,96,0,1,1,0,0,1,0,0,0,1,2.1284,33.29,0.7731478227709734,7.441135
138.25399999999996,10,120.10999999999997,0,0,0,2,58,0,0,1,0,1,0,0,0,0,0,3.3888000000000025,0.0,0.5130019193756065,7.438918
175.24699999999996,12,157.10299999999998,2,0,3,3,72,0,1,1,0,0,1,0,0,0,1,2.0079000000000002,12.47,0.6502414386806677,7.437354
170.25199999999995,12,152.10799999999998,2,0,2,4,70,0,1,1,0,0,1,0,0,0,1,2.1707,26.3,0.6043178180722647,7.429266
263.382,18,234.14999999999998,6,3,6,12,110,0,0,0,0,0,0,0,0,0,0,0.991400000000001,77.77,0.35994124780431397,7.4263763
242.33699999999993,15,220.16099999999994,5,1,6,9,94,0,0,0,0,0,0,0,0,0,0,2.523600000000001,57.150000000000006,0.49710658680525704,7.417162
171.24000000000004,12,154.10399999999998,2,3,3,4,70,0,1,1,0,1,0,0,0,1,0,1.70887,64.31,0.44507044023115083,7.4028974
216.38999999999993,14,192.19799999999998,2,0,2,3,84,0,1,1,0,0,1,0,0,0,1,3.7249000000000025,9.23,0.7107731576399209,7.3947444
238.45899999999997,17,204.18699999999995,0,0,0,12,102,0,0,0,0,0,0,0,0,0,0,6.509600000000007,0.0,0.26841519597814273,7.393775
243.39099999999993,17,214.15899999999996,3,1,3,9,102,0,1,1,0,0,1,0,0,0,1,2.740400000000001,30.49,0.6316548286592119,7.3792815
268.441,19,236.18499999999995,2,0,2,6,112,0,0,1,0,0,1,0,0,0,0,4.590700000000004,18.46,0.6558977966521765,7.3737984
212.37699999999995,15,184.15299999999996,1,1,1,9,90,0,0,0,0,0,0,0,0,0,0,4.167600000000004,20.23,0.5687584915049402,7.3708506
214.34899999999996,15,188.14099999999996,2,2,2,10,90,0,0,0,0,0,0,0,0,0,0,2.7499000000000016,40.46,0.4334630350695458,7.364381
186.295,13,164.11899999999997,2,2,2,7,78,0,0,0,0,0,0,0,0,0,0,1.9697,40.46,0.5967306901683354,7.3577886
188.22699999999995,13,172.09899999999996,5,3,5,3,76,0,1,1,0,0,1,0,0,0,1,-1.1952999999999998,84.58,0.48463762240840313,7.356368
186.29499999999996,13,164.11899999999997,2,1,2,8,78,0,0,0,0,0,0,0,0,0,0,2.376200000000001,29.46,0.4656254737571776,7.3548126
214.39699999999996,15,184.15699999999995,2,2,2,10,92,0,0,0,0,0,0,0,0,0,0,3.049200000000001,52.04,0.5491595431081119,7.3317595
233.29199999999997,15,209.09999999999997,3,1,4,5,90,0,1,1,0,0,1,0,0,0,1,2.857200000000002,30.49,0.7405845413682555,7.305203
214.30499999999995,15,192.12899999999996,3,2,3,5,88,0,1,1,0,1,0,0,0,1,0,2.4044,49.69,0.5455241381326006,7.2955036
282.428,20,252.18799999999996,4,2,4,10,116,0,1,1,0,0,1,0,0,0,1,2.105899999999999,42.52,0.36576779263107473,7.2912445
180.33499999999998,13,156.14299999999997,0,0,0,0,76,0,1,1,0,1,0,0,0,1,0,4.5591000000000035,0.0,0.479361823931196,7.2883854
222.30599999999993,14,204.16199999999995,5,2,5,9,84,0,0,0,0,0,0,0,0,0,0,1.8564,58.92,0.26974801815587157,7.2798553
267.5009999999999,19,230.20499999999996,1,1,1,13,114,0,0,0,0,0,0,0,0,0,0,5.694400000000005,26.02,0.425887370440668,7.2777705
259.34999999999997,18,234.14999999999998,6,4,6,1,106,0,2,2,0,1,1,0,0,1,1,1.3042999999999998,74.78,0.4200827302228442,7.2601852
242.4509999999999,17,208.17899999999997,2,1,2,11,104,0,0,0,0,0,0,0,0,0,0,3.5096000000000016,29.259999999999998,0.5618234626925462,7.25459
201.33499999999998,13,182.18299999999996,3,1,3,4,76,0,2,2,0,0,2,0,0,0,2,1.8525,21.259999999999998,0.7498517278762794,7.2478557
222.41599999999994,16,192.17599999999996,0,0,0,4,94,0,0,1,0,1,0,0,0,0,0,5.441200000000006,0.0,0.5554722708004108,7.210419
170.29600000000002,12,148.11999999999998,1,1,1,5,72,0,0,0,0,0,0,0,0,0,0,3.910600000000003,20.23,0.6201100894045505,7.205268
234.38299999999992,17,208.17499999999995,1,0,1,8,96,0,0,0,0,0,0,0,0,0,0,4.518000000000004,9.23,0.4430606827715143,7.2019515
186.25100000000003,13,168.10699999999997,3,1,3,1,76,0,1,1,0,0,1,0,0,0,1,1.1415,46.53,0.6245893327494682,7.2013254
202.29399999999995,14,180.11799999999997,3,0,3,8,84,0,0,0,0,0,0,0,0,0,0,2.5333000000000006,35.53,0.5673094439383634,7.195698
214.308,12,200.19599999999997,6,3,6,7,74,0,0,0,0,0,0,0,0,0,0,0.8199999999999998,58.92,0.33264667154032684,7.1746163
250.47699999999998,15,224.26899999999998,4,2,4,9,92,0,0,0,0,0,0,0,0,0,0,3.2162000000000006,52.04,0.4872054246306312,7.166034
200.39100000000002,13,176.19899999999998,1,0,1,1,78,0,1,1,0,0,1,0,0,0,1,4.488500000000005,0.0,0.6008156864008527,7.1421685
208.34499999999994,15,184.15299999999996,1,1,1,3,86,0,1,2,0,2,0,0,0,1,0,3.674000000000003,20.23,0.701519203497366,7.121686
210.36099999999996,15,184.15299999999996,1,1,1,4,88,0,0,1,0,1,0,0,0,0,0,3.9216000000000024,20.23,0.6972174872505474,7.1185274
158.24499999999998,11,140.10099999999997,3,2,3,6,66,0,0,0,0,0,0,0,0,0,0,0.2804000000000001,58.61,0.5454298491814803,7.1170926
160.213,11,144.08499999999998,3,1,3,4,66,0,0,0,0,0,0,0,0,0,0,0.9564999999999999,46.53,0.6228577750217595,7.098004
222.37599999999995,16,196.16799999999998,2,1,2,7,92,0,1,1,0,1,0,0,0,1,0,3.4846800000000027,35.82,0.6693331835541841,7.076362
198.26199999999997,14,180.11799999999997,3,0,3,4,80,0,2,2,0,1,1,0,0,1,1,1.9582,35.53,0.6476604469576903,7.074265
169.268,12,150.11599999999996,2,2,2,0,70,0,1,1,0,0,1,0,0,0,1,1.8047999999999997,32.26,0.5793323341978384,7.0677733
181.32299999999995,13,158.13899999999998,1,0,1,4,76,0,0,0,0,0,0,0,0,0,0,2.971300000000001,3.24,0.475888703867165,6.9892645
258.406,18,228.16599999999997,4,3,4,7,108,0,1,1,0,1,0,0,0,1,0,2.8715,53.519999999999996,0.48534228314711886,6.9811177
229.27599999999995,16,210.12399999999997,5,2,5,3,92,0,2,2,0,1,1,0,0,1,1,0.23009999999999958,67.79,0.6780495315975428,6.979764
227.392,16,198.15999999999997,2,2,2,9,96,0,0,0,0,0,0,0,0,0,0,2.975400000000002,32.26,0.4686863271671762,6.9706964
232.30399999999997,15,207.10399999999996,2,2,3,7,90,0,0,0,0,0,0,0,0,0,0,2.4437000000000006,40.46,0.5226055064753129,6.9550676
242.40699999999995,17,212.16699999999994,3,2,3,4,102,0,1,1,0,0,1,0,0,0,1,1.8573999999999997,35.5,0.7896799006648862,6.9485035
200.32199999999995,14,176.12999999999997,2,0,2,9,84,0,0,0,0,0,0,0,0,0,0,3.341000000000002,26.3,0.5335113961345617,6.933292
196.33399999999992,14,172.14199999999997,1,1,1,5,82,0,1,1,0,1,0,0,0,1,0,3.674000000000003,20.23,0.6650697123851708,6.9258366
235.30799999999996,15,209.09999999999997,2,1,4,10,92,0,0,0,0,0,0,0,0,0,0,3.4036000000000017,38.33,0.5896531515827139,6.9133286
229.32399999999996,16,206.13999999999996,5,3,5,1,94,0,2,2,0,1,1,0,0,1,1,0.5205000000000006,68.54,0.6114339305525921,6.9042754
227.35199999999995,16,202.152,4,3,4,5,94,0,2,2,0,1,1,0,0,1,1,0.9805999999999995,59.31,0.6128394427201613,6.9013762
228.37599999999995,16,200.15199999999996,2,1,2,12,96,0,0,0,0,0,0,0,0,0,0,3.714700000000003,37.3,0.4081766256331994,6.8804555
239.403,17,210.17099999999996,2,1,2,5,100,0,0,1,0,1,0,0,0,0,0,3.226300000000002,35.25,0.7476141990799045,6.8682218
192.34599999999995,14,168.15399999999997,0,0,0,7,80,0,2,2,0,2,0,0,0,2,0,4.5591000000000035,0.0,0.5186994695775555,6.8379984
180.33499999999995,13,156.14299999999997,0,0,0,0,76,0,0,1,0,1,0,0,0,0,0,4.5591000000000035,0.0,0.479361823931196,6.837242
184.27899999999997,13,164.11899999999997,2,1,2,5,76,0,0,1,0,1,0,0,0,0,0,1.9861,29.46,0.6620223100087459,6.8219347
147.221,11,134.117,1,1,1,1,58,0,1,1,0,0,1,0,0,0,1,1.1536,21.94,0.4359744649268064,6.8173795
182.31099999999998,13,160.13499999999996,2,2,2,6,76,0,0,1,0,1,0,0,0,0,0,1.5417999999999998,24.06,0.480818652906183,6.814562
222.30599999999998,14,204.16199999999995,5,1,5,9,84,0,0,0,0,0,0,0,0,0,0,0.3325000000000003,55.760000000000005,0.5698382867071259,6.7903166
195.34999999999997,14,170.14999999999998,1,1,1,1,82,0,0,1,0,1,0,0,0,0,0,3.4963000000000015,26.02,0.6367315280448841,6.7774515
202.24999999999997,14,184.10599999999997,4,0,4,9,82,0,0,1,0,0,1,0,0,0,0,1.3178,36.92,0.5283011112212558,6.735646
180.15599999999998,12,168.05999999999997,6,2,6,6,72,0,0,0,0,0,0,0,0,0,0,0.2503,77.38000000000001,0.263872994503218,6.732969
186.25499999999997,13,168.11099999999996,4,1,4,3,76,0,1,1,0,0,1,0,0,0,1,-0.028999999999999138,55.56,0.6288713915325954,6.695509
190.23899999999998,13,172.09499999999997,4,1,4,7,78,0,0,0,0,0,0,0,0,0,0,0.5813999999999999,55.76,0.4710795916035015,6.667222
192.346,14,168.15399999999997,0,0,0,0,80,0,2,2,0,2,0,0,0,2,0,4.559100000000004,0.0,0.38971315638228593,6.6573763
166.26399999999995,12,148.11999999999998,1,1,1,2,68,0,1,2,0,2,0,0,0,1,0,2.3612,20.23,0.6242973402430662,6.6491513
152.23699999999997,11,136.10899999999998,1,1,1,2,62,0,1,2,0,2,0,0,0,1,0,2.1151999999999997,20.23,0.6007818377516134,6.6448135
217.357,15,190.141,4,3,4,10,92,0,0,0,0,0,0,0,0,0,0,1.4464,45.31999999999999,0.294330073570891,6.6398454
212.289,15,192.12899999999996,3,1,3,2,86,0,3,3,0,3,0,0,0,3,0,1.5316,46.53,0.7060578632552937,6.633213
222.4159999999999,16,192.17599999999996,0,0,0,10,94,0,0,0,0,0,0,0,0,0,0,5.884500000000005,0.0,0.3194515914189944,6.6302853
202.29399999999998,14,180.11799999999997,3,2,3,8,84,0,0,0,0,0,0,0,0,0,0,2.6095000000000006,49.69,0.3611790906961217,6.6247587
170.256,12,152.11199999999997,3,2,3,1,70,0,1,1,0,0,1,0,0,0,1,0.2923999999999996,55.12,0.5561789142276747,6.6188455
184.27899999999997,13,164.11899999999997,2,0,2,6,76,0,0,0,0,0,0,0,0,0,0,2.9320000000000013,26.3,0.4683797661084872,6.618228
214.34899999999996,15,188.14099999999996,2,1,2,10,90,0,0,0,0,0,0,0,0,0,0,4.910600000000004,29.46,0.24216630392681915,6.6173973
232.37200000000004,16,204.148,5,5,5,11,98,0,0,0,0,0,0,0,0,0,0,1.5165000000000006,68.35,0.21223053347764076,6.6042385
231.405,15,206.20499999999998,3,2,3,2,90,0,1,1,0,0,1,0,0,0,1,2.4912,21.259999999999998,0.7125818870839562,6.5997334
278.47999999999996,20,244.20799999999994,1,0,1,11,116,0,1,1,0,1,0,0,0,1,0,5.934600000000007,17.07,0.2597435366538338,6.587267
185.31099999999995,13,162.12699999999998,2,2,2,5,78,0,0,0,0,0,0,0,0,0,0,2.1396,46.25,0.689032124257958,6.5862184
233.42099999999994,15,206.20499999999998,3,2,3,10,92,0,0,0,0,0,0,0,0,0,0,2.7882000000000007,46.25,0.5703942621498842,6.5665727
209.33699999999996,15,186.15299999999996,3,3,3,3,86,0,1,2,0,0,2,0,0,0,1,0.8397000000000001,46.0,0.47665296319089345,6.536631
230.352,16,204.14399999999998,4,2,4,4,96,0,1,1,0,0,1,0,0,0,1,1.3481999999999998,44.730000000000004,0.7156119815954711,6.5249257
229.36399999999998,16,202.14799999999997,3,2,3,11,96,0,0,0,0,0,0,0,0,0,0,1.9898999999999998,49.33,0.420633301048526,6.515317
190.23899999999998,13,172.09499999999997,4,1,4,7,78,0,0,0,0,0,0,0,0,0,0,1.4963,55.76,0.4879182622292981,6.4960985
154.21300000000002,11,140.10099999999997,2,2,3,1,62,0,0,1,0,0,1,0,0,0,0,1.8414999999999997,44.620000000000005,0.4468457506917435,6.490741
178.31899999999996,13,156.14299999999997,0,0,0,7,74,0,1,1,0,1,0,0,0,1,0,4.479200000000004,0.0,0.39810793029430813,6.451852
202.254,14,184.10999999999996,4,2,5,5,82,0,1,1,0,0,1,0,0,0,1,-0.8887999999999971,73.58,0.6063893165529594,6.4404655
183.25499999999997,13,166.119,4,3,4,5,74,0,0,1,0,0,1,0,0,0,0,0.5460999999999996,56.65,0.3312079957900941,6.429243
212.33299999999997,15,188.14099999999996,2,1,2,4,88,0,0,1,0,0,1,0,0,0,0,2.910400000000001,29.46,0.7260236442615702,6.413177
219.28099999999995,15,198.11299999999994,5,2,5,10,90,0,0,0,0,0,0,0,0,0,0,0.4036000000000001,81.78,0.410438095845231,6.4001217
211.39299999999997,15,182.16099999999997,1,1,1,9,90,0,0,0,0,0,0,0,0,0,0,4.420600000000003,26.02,0.4431974258431502,6.378405
218.38399999999996,16,192.17599999999996,0,0,0,8,90,0,0,1,0,1,0,0,0,0,0,4.952600000000005,0.0,0.3991389398923291,6.3768234
241.37899999999996,17,214.16299999999998,4,2,4,6,100,0,1,1,0,1,0,0,0,1,0,1.8944,59.64,0.32302361655876044,6.375429
228.292,16,208.13199999999998,5,2,5,10,92,0,0,0,0,0,0,0,0,0,0,0.7649799999999998,74.50999999999999,0.3279568822086615,6.371376
182.307,13,160.13099999999997,1,1,1,7,76,0,0,0,0,0,0,0,0,0,0,3.450000000000002,20.23,0.4720617439368634,6.363382
188.227,13,172.09899999999996,5,1,5,8,76,0,0,0,0,0,0,0,0,0,0,-0.18779999999999952,59.92,0.1885064886604341,6.3626533
181.279,13,162.12699999999998,2,1,2,2,74,0,2,2,0,1,1,0,0,1,1,1.5996,29.1,0.6555514664083297,6.3619046
204.3569999999999,15,180.16499999999996,0,0,0,1,84,0,0,2,0,2,0,0,0,0,0,4.869300000000004,0.0,0.5345198886003434,6.3575726
254.41699999999997,15,232.24099999999996,5,2,5,10,92,0,0,0,0,0,0,0,0,0,0,2.1313,49.69,0.35522963003188207,6.3386116
228.33199999999997,16,204.13999999999996,3,1,3,6,94,0,1,1,0,1,0,0,0,1,0,3.611200000000002,38.69,0.42856354580590644,6.3294454
246.37199999999996,16,224.19599999999994,3,1,4,8,94,0,0,0,0,0,0,0,0,0,0,2.6117000000000012,38.69,0.4063252882876619,6.2995377
208.30100000000004,15,188.14099999999996,2,1,2,2,84,0,1,2,0,1,1,0,0,1,0,2.2947,29.46,0.7541774615232323,6.2872224
210.31699999999995,15,188.14099999999996,2,0,2,4,86,0,0,1,0,0,1,0,0,0,0,3.957900000000002,26.3,0.5183477334669128,6.2486324
258.35799999999995,18,232.14999999999995,4,0,4,11,106,0,0,0,0,0,0,0,0,0,0,2.740100000000001,52.60000000000001,0.4221895027865291,6.210068
195.17900000000003,13,182.075,7,5,9,6,78,0,0,0,0,0,0,0,0,0,0,-1.5022999999999982,107.12000000000002,0.1992551455216557,6.077038
220.39999999999992,16,192.17599999999996,0,0,0,3,92,0,1,1,0,1,0,0,0,1,0,5.793600000000005,0.0,0.416693845257178,6.0572643
224.39199999999997,16,196.16799999999998,2,2,2,8,94,0,1,1,0,0,1,0,0,0,1,3.203800000000002,24.06,0.6186944222951014,6.0518637
188.29599999999996,12,172.16799999999998,3,2,4,4,70,0,1,1,0,0,1,0,0,0,1,0.9953999999999997,33.29,0.6447727515038607,5.988453
208.32299999999998,13,188.16299999999995,3,1,4,6,80,0,1,1,0,0,1,0,0,0,1,1.7204,27.69,0.6735558659227476,5.9653764
227.41699999999997,15,202.21699999999998,2,1,2,4,88,0,1,1,0,0,1,0,0,0,1,3.667500000000003,12.03,0.7862833823459672,5.9589868
232.4109999999999,17,204.18699999999995,0,0,0,2,96,0,1,2,0,2,0,0,0,1,0,5.649500000000005,0.0,0.5768806648097823,5.9525023
182.26299999999998,13,164.11899999999997,2,1,2,6,74,0,1,1,0,0,1,0,0,0,1,2.0503000000000005,32.76,0.5034622970564278,5.9326406
220.38399999999996,12,208.28799999999998,3,1,4,4,68,0,2,2,0,1,1,0,0,1,1,2.4176,17.07,0.5791484518297314,5.8151326
159.185,11,146.081,4,2,4,4,64,0,1,1,0,0,1,0,0,0,1,0.10180000000000022,61.86,0.4509172575837313,5.7919407
165.212,12,152.10799999999998,2,1,2,1,65,1,0,0,0,0,0,1,0,0,0,1.44,29.46,0.6379227690787529,5.7184873
169.22799999999998,12,154.10799999999998,4,1,4,0,68,0,1,1,0,0,1,0,0,0,1,-0.5489999999999993,35.580000000000005,0.5276285472720683,5.696368
218.33999999999997,16,196.16399999999996,1,1,1,5,88,1,0,0,0,0,0,1,0,0,0,3.733220000000003,20.23,0.798016358617335,5.6717243
193.33399999999997,14,170.14999999999998,1,1,1,3,80,0,1,2,0,2,0,0,0,1,0,3.250300000000001,26.02,0.6840668223335513,5.6591115
186.25500000000002,13,168.11099999999996,3,1,4,9,76,0,0,0,0,0,0,0,0,0,0,2.3680000000000003,50.69,0.19760775645245265,5.525932
281.55600000000004,16,254.33999999999997,3,3,4,5,98,0,1,1,0,0,1,0,0,0,1,4.060500000000003,12.03,0.3990810845166913,5.5129123
202.31899999999996,13,184.17499999999995,3,1,3,2,76,0,1,1,0,0,1,0,0,0,1,1.9381,26.3,0.6925871362908391,5.50848
214.41799999999992,14,188.20999999999995,0,1,1,5,84,0,1,1,0,0,1,0,0,0,1,4.306400000000004,0.0,0.3934726487408079,5.383629
172.17999999999998,12,160.08399999999997,3,1,4,4,68,0,0,0,0,0,0,0,0,0,0,0.8264,63.60000000000001,0.5034948713551916,5.3789883
243.259,17,226.12299999999996,6,2,6,4,96,0,0,1,0,0,1,0,0,0,0,1.0318999999999998,71.39,0.7681490036347416,5.361964
181.27899999999997,13,162.12699999999998,2,2,2,3,74,0,0,1,0,1,0,0,0,0,0,1.8267999999999998,32.26,0.5140145030850566,5.351907
206.32899999999998,15,184.15299999999996,1,1,1,4,84,0,0,1,0,1,0,0,0,0,0,4.531000000000004,20.23,0.669862065201884,5.3210297
221.39100000000002,13,202.23899999999998,3,3,4,5,78,0,2,2,0,1,1,0,0,1,1,1.2134,32.26,0.4819461561130217,5.280274
202.32299999999998,13,184.17899999999997,4,3,4,3,76,0,1,1,0,1,0,0,0,1,0,0.7666,49.489999999999995,0.35976670076544787,5.2156343
216.28099999999998,15,196.12099999999998,5,2,5,8,88,0,0,0,0,0,0,0,0,0,0,-0.3814999999999985,84.91,0.5415032494433236,5.2055836
221.26199999999994,13,205.13399999999996,4,0,5,8,76,0,0,0,0,0,0,0,0,0,0,1.388,37.38,0.35244552409280955,5.119889
180.33499999999998,13,156.14299999999997,0,0,0,1,76,0,0,1,0,1,0,0,0,0,0,4.7252000000000045,0.0,0.5472111550614448,5.095363
214.334,14,196.18999999999997,4,3,4,4,80,0,0,1,0,0,1,0,0,0,0,1.0384000000000002,44.29,0.48314175459763276,5.076118
252.46699999999996,17,224.24299999999994,0,0,1,4,98,0,1,2,0,1,1,0,0,0,1,4.869900000000005,0.0,0.6261974230873139,5.051817
188.31399999999996,14,168.15399999999997,0,0,0,1,76,0,1,2,0,2,0,0,0,1,0,4.399300000000004,0.0,0.5718793047312186,5.040213
158.244,12,144.13199999999998,0,0,0,2,62,0,0,2,0,2,0,0,0,0,0,3.251000000000002,0.0,0.5410397367517548,5.0208354
202.34099999999998,15,180.16499999999996,0,0,0,0,82,0,0,1,0,1,0,0,0,0,0,4.955500000000004,0.0,0.48718217027405225,4.9991984
226.42899999999995,15,200.22099999999995,0,0,1,8,88,0,0,0,0,0,0,0,0,0,0,4.645900000000005,0.0,0.32105165164035,4.951079
221.34399999999997,16,198.15999999999997,2,1,2,7,90,0,0,1,0,1,0,0,0,0,0,2.8577000000000012,29.1,0.528848476757735,4.930735
176.25899999999996,13,160.13099999999997,1,0,1,4,70,0,0,2,0,2,0,0,0,0,0,3.203100000000002,9.23,0.6387932521089701,4.9165173
203.20199999999997,13,187.07399999999998,3,2,5,7,75,0,0,0,1,0,0,0,0,0,0,0.9952999999999999,55.59,0.2132052886747461,4.8700347
264.36899999999997,19,240.17699999999996,4,1,4,4,106,0,1,2,0,0,2,0,0,0,1,2.5753000000000004,54.18000000000001,0.8481403120583386,4.846401
209.358,14,190.20599999999996,2,0,2,4,78,0,1,1,0,0,1,0,0,0,1,2.711100000000001,3.24,0.5171861296473045,4.842265
194.27399999999997,14,176.12999999999997,2,0,2,5,78,0,0,1,0,0,1,0,0,0,0,3.177200000000002,18.46,0.6257056091527636,4.8275633
262.4,16,244.25599999999997,6,2,6,4,92,0,0,1,0,0,1,0,0,0,0,3.309800000000001,58.72,0.3507049898920974,4.8039856
265.39699999999993,19,238.18099999999995,3,0,3,10,108,0,1,1,0,1,0,0,0,1,0,2.9914000000000014,37.38,0.44995930546318347,4.789413
234.3829999999999,17,208.17499999999995,1,0,1,0,96,0,0,1,0,0,1,0,0,0,0,4.661900000000005,9.23,0.5919666221110044,4.6885295
213.37099999999998,13,198.25099999999998,3,2,3,3,72,1,0,0,0,0,0,1,0,0,0,3.2056000000000013,26.02,0.5954530057742685,4.6482997
179.263,13,162.12699999999998,2,1,2,4,72,0,0,1,0,1,0,0,0,0,0,2.5875700000000004,40.92,0.4019995031863147,4.612246
226.28,16,208.13599999999997,6,4,6,6,90,0,0,1,0,0,1,0,0,0,0,-0.02759999999999979,68.79,0.37665484523740067,4.552526
225.35699999999994,15,206.20499999999996,3,1,3,8,84,0,0,1,0,1,0,0,0,0,0,2.4739999999999998,35.25,0.5089493610680981,4.523438
149.237,11,134.11699999999996,1,1,1,2,60,0,0,1,0,0,1,0,0,0,0,2.3844000000000003,12.03,0.5943102833338763,4.518285
180.291,13,160.13099999999997,1,0,1,6,74,0,0,0,0,0,0,0,0,0,0,3.6582000000000026,17.07,0.4501078053677174,4.46108
301.439,16,281.279,4,2,7,10,96,0,0,0,0,0,0,0,0,0,0,2.696800000000001,38.33,0.28155854132029484,4.2897654
206.32899999999998,15,184.15299999999996,1,0,1,3,84,0,0,1,0,1,0,0,0,0,0,4.229300000000004,9.23,0.6711521811781717,4.2572675
209.20099999999996,15,198.11299999999997,4,2,5,3,80,0,0,2,0,1,1,0,0,0,0,0.39519999999999994,78.93,0.7045257202693883,4.2473483
228.252,16,212.12399999999997,4,2,7,6,90,0,0,0,0,0,0,0,0,0,0,-0.9619999999999986,88.79,0.20133099259182444,4.123355
235.375,17,210.17499999999995,3,3,3,5,96,0,0,1,0,1,0,0,0,0,0,1.3290999999999997,64.07,0.6733818191482488,4.037567
235.28700000000003,17,218.15099999999998,5,5,5,6,92,0,0,1,0,0,1,0,0,0,0,1.3312,76.55,0.44901181565716475,4.0262733
240.34599999999995,18,220.18599999999995,1,0,1,0,94,0,1,4,0,4,0,0,0,1,0,3.8243000000000027,17.07,0.5881540609339698,4.0193777
147.17700000000002,11,138.105,2,0,2,0,56,0,0,2,0,1,1,0,0,0,0,1.2755,29.43,0.507096207854284,3.9959424
240.31000000000006,18,224.182,3,1,4,0,92,1,0,0,0,0,0,0,1,0,0,2.8813200000000005,54.46,0.7582447544250203,3.9918382
254.35800000000003,18,240.24599999999995,3,0,3,2,90,1,0,0,0,0,0,0,1,0,0,3.946080000000002,36.68,0.7498389818817214,3.9856112
197.28199999999995,14,178.12999999999997,4,2,4,7,80,0,0,0,0,0,0,0,0,0,0,1.1105999999999998,70.97,0.27762274562127554,3.8550127
252.35799999999998,18,228.16599999999994,4,3,4,4,102,0,0,1,0,1,0,0,0,0,0,2.2679,67.50999999999999,0.6714079510069458,3.8516667
192.327,13,176.19899999999996,1,1,1,2,70,0,0,1,0,1,0,0,0,0,0,3.6951000000000027,0.0,0.6336893489623454,3.770505
183.255,13,166.11899999999997,3,3,4,5,74,0,0,0,0,0,0,0,0,0,0,-0.04269999999999968,53.16,0.31827119976797635,3.758047
260.44599999999997,18,236.25399999999993,1,0,1,4,98,0,1,2,0,1,1,0,0,0,1,5.849700000000005,0.0,0.5712934577372202,3.7355754
200.23699999999997,15,188.14099999999996,2,1,2,1,76,0,0,3,0,3,0,0,0,0,0,2.6042000000000005,29.46,0.7663015423552423,3.6951437
174.19899999999996,13,164.11899999999997,1,1,2,1,66,0,0,1,0,1,0,0,0,0,0,2.2247999999999997,37.3,0.618718417117002,3.657597
202.32199999999997,14,188.20999999999995,1,0,1,1,72,0,0,1,0,0,1,0,0,0,0,4.364500000000003,0.0,0.5690659337812306,3.530383
203.201,15,194.12899999999996,4,2,5,0,76,1,0,1,0,1,0,0,1,0,0,1.8358999999999999,74.94,0.6845435011339723,3.521774
198.356,12,184.24399999999997,2,1,2,3,66,0,0,1,0,0,1,0,0,0,0,3.7871000000000024,0.0,0.673245673796523,3.502519
290.519,17,268.34299999999996,3,2,4,6,98,0,0,1,0,0,1,0,0,0,0,4.246900000000003,20.23,0.3302702137587719,3.4965565
264.44,16,252.34399999999997,3,0,3,0,82,0,0,2,0,0,2,0,0,0,0,5.533120000000004,0.0,0.5863550858902834,3.4102197
206.334,14,190.20599999999996,1,0,2,0,75,0,1,2,3,0,2,0,0,0,1,2.8625900000000017,14.100000000000001,0.5941965112633374,3.3798397
235.286,18,222.18199999999996,1,1,2,0,88,1,0,2,0,1,1,1,0,0,0,3.056800000000001,29.1,0.7353487224868549,3.3041089
163.244,12,148.12399999999997,2,2,2,0,65,0,1,2,1,1,1,0,0,0,1,1.74366,35.88,0.5242158715613601,3.2756383
216.32799999999997,16,196.16799999999995,2,2,2,4,86,0,0,1,0,1,0,0,0,0,0,2.077,38.05,0.7060656725605006,3.2681413
207.277,15,190.141,4,2,4,3,82,0,0,1,0,0,1,0,0,0,0,0.8433999999999999,47.86,0.7207819172963105,3.1782365
196.25300000000001,15,184.15699999999998,2,1,2,2,74,1,0,1,0,0,1,1,0,0,0,3.136700000000001,24.39,0.7716621703269625,3.1604621
227.311,17,210.17499999999998,3,3,3,0,88,0,0,2,0,2,0,0,0,0,0,1.3814000000000002,78.06,0.5847573678361238,3.076171
224.307,17,208.17899999999995,2,1,2,2,86,0,0,2,0,1,1,0,0,0,0,3.742600000000002,24.92,0.8400876149035249,3.0057142
192.21800000000002,14,180.12199999999999,4,1,4,0,74,0,0,1,0,0,1,0,0,0,0,1.1331999999999998,50.69,0.6256330803470538,2.968
242.27799999999996,18,228.16599999999994,4,1,4,7,92,0,0,1,0,1,0,0,0,0,0,1.6032,58.53,0.41890153482681974,2.9362168
238.37399999999997,18,216.19799999999995,0,0,0,1,94,0,0,1,0,1,0,0,0,0,0,5.453800000000005,0.0,0.5692202384544482,2.885745
221.306,14,214.24999999999997,4,0,4,0,70,0,0,2,0,0,2,0,0,0,0,2.7940000000000014,29.96,0.6843871270693211,2.8253121
250.34499999999997,19,232.20099999999994,2,1,2,1,96,0,0,3,0,2,1,0,0,0,0,3.435800000000002,24.39,0.7083178623228048,2.6195095
245.351,17,230.23099999999997,4,0,4,3,88,0,0,1,0,0,1,0,0,0,0,3.8987000000000025,37.08,0.6946839457869549,2.5797613
234.29800000000003,18,220.18599999999995,1,0,1,0,88,1,0,1,0,1,0,1,0,0,0,1.8581999999999996,17.07,0.6693808482305545,2.129351
278.37600000000003,20,264.26399999999995,1,0,2,0,98,0,0,3,0,1,2,0,0,0,0,4.1426000000000025,17.07,0.6085330728822516,1.9205086
