SMILES,des_gap,pred_gap,Err_pred_des
CCC1CC(CCC(C)CO)CC2COCCC12C,7.374,8.49559,0.1521006522865389
CCCC(N)CON(O)C(C)=O,4.827,6.93864,0.43746428789004843
C.CCC1C=NC=CC(=CN)CCN1,4.827,4.7897816,0.0077104681096808875
COCC(CCNNO)N=CC(=O)O,2.62,5.90218,1.2527405323873038
CNCCC1=CC=CC=C2C=CC=CC=C2C1,4.455,2.5442162,0.42890770908959386
COC(C)P(O)C(C=C(C)C)CO,5.521,7.287459,0.3199527072336466
C=NC(CC)NC(CS)CCCN=N,3.102,5.436296,0.7525132128225459
COC(C)CCC1CCCCCCCCC1,8.626,9.50826,0.10227912975358162
C=CCCCCC=C=CCC(C)CCC,3.804,6.3713937,0.6749194743881467
C=CC1=CSC=CC=N1,3.872,3.2365913,0.16410347646918177
C=C1C(N)CC=CC2NC(C)CCCCN2C1C,3.766,4.678454,0.24228728684857367
CC1CCC2N=CN(O)CN2NN1,3.766,5.8752584,0.5600792474083235
COC1=CC=C2C=NC(=NC1)SCCC2,5.135,2.8900654,0.4371829733992505
CCOCC=CCCOC1CCCCCC1,5.159,6.39068,0.23874391088838798
CCCCCC(CCC)CCOC(CC)CCC,8.974,9.456277,0.053741574951607134
CCOC(C)CCCCCOCC(CO)ON,8.974,8.361034,0.06830461407281628
CCNC1=C(CCC=N)C=CC=CS1,3.772,2.5334516,0.32835324571595337
COCC(COC=O)OOC(C=O)CO,3.772,7.262935,0.9254865221608103
O=CCC12C=CSC1=NC2=O,3.508,3.3330371,0.049875388259626716
CC(C=O)CC(C)CCC1C=NC1,3.508,6.649418,0.8955011052443744
CC1CCCC1C(C)NCC=O,5.219,6.7476745,0.2929056265911943
CCCCSC1COCC(CCCOC)C1,5.725,6.8750477,0.200881691478746
CCC=CCC1CCC1COCC=O,5.725,6.251237,0.09191911189316669
CC1CCC2COC3C=CC=C1C2CC3,5.146,5.936541,0.15362244082294085
CC(=O)SC=NC(C)C1CC(O)C1,6.2151,5.3856034,0.13346471852633696
C=CCCCCCN1CCC1CC,6.2151,6.5147853,0.048218900703834965
CCOC1C(C)(CO)NCC1(OC)OC,9.813,8.617183,0.12186051853373918
CCCC1CC1C(C)CC(N)CO,9.813,8.033484,0.18134266188491396
CC(CCN(C)C)CC(CO)CCOO,9.813,7.5286655,0.2327865543052544
COCCCCCCCCCC1(CO)CC1,9.813,8.910489,0.09197094850337051
CCCC1CCCCCC1OCC(C)O,9.813,8.966088,0.08630507541191179
CCCCC1=CCC2(C=CC2)C=C1,5.886,5.1953773,0.1173331040004221
NNC1NCCCCC(NOC=O)N1,5.886,7.4677153,0.2687249852814643
C=CCOCC(O)CC=C1C=C1Oc1ccc(CC)[nH]1,3.543,3.6744578,0.03710352482850891
CCC1CCCCCNC2OC2C1O,8.362,8.0648365,0.035537371194068974
CCCC1C(C)=CCCCCCC1CC,8.362,7.071431,0.15433734035241037
CCCCCCCCCC1CC1CC(C)C,8.362,9.7441845,0.16529352954060686
CCNC#COOCCOC(C)C,8.362,6.9995,0.16293951233902837
CCOC1(C(O)CC)CC(C)=CC=CC=CC1=O,6.898,4.520455,0.3446716608327864
CC#CCCC1CCC2CC2CCCN1,6.898,7.638133,0.10729675978707318
CC(CCCC(O)CO)C1CCCCCC1,9.761,8.480828,0.13115169703746687
CCCCCCC(C)CC(C)C,9.761,9.954169,0.019789906093275855
CCCCC(CC)OOCC(CC(C)CCC)NN,9.761,7.3479757,0.24721076417416282
CCC(CC(C=N)CCCNCO)SC,6.3158,5.9150743,0.06344812241525907
CC(C)C(CO)=[SH]OOC(C)(OO)OO,4.898,5.672336,0.1580923032935857
C=CCCNC(C)CCC(O)CCOCO,6.256,7.0722113,0.13046855267966187
CC(CC(O)C(C)CC(C)C(C)C)NCC=O,7.622,7.2893353,0.04364533575774176
O=C1SC2=CNOCCC1C=CCC(CO)C=C2,4.8872,3.043989,0.3771507318914766
CC1=CN1CCCC=C1C=CS1,4.8872,4.5780277,0.06326163749800978
CCNC1CC(C)CC(OC)C1,8.607,7.765665,0.09775008082708381
CCCCCCCCCCCOCCC(C)CC,5.29,8.890266,0.6805796632243916
C=C(C)CC1CC(CCCCC(C)CO)C1C,8.7,8.157498,0.06235651038158892
CC1(C2CC2=O)CCCCC1O,8.158,6.3225646,0.22498595220664455
CCN(C)C(C)CCCC(C)O,8.158,7.6493115,0.0623545547302051
C=CCC(CCCCC)CCCCCCC,8.485,7.9544883,0.06252347938299313
CCC[SH](CC(C)OC)C1CCC1,8.485,6.5152802,0.23214139696704542
CCCC(OO)C1COC(OC2CC(C)O2)O1,8.485,8.418912,0.0077888115617057935
CCCCP(CCCCCCF)C(C)CO,8.485,8.379695,0.012410732037752678
CCCCC1CN=CCCCCCCCCOCNC1,8.485,6.5936003,0.22291098725606073
CCCC(C)(CCCO)C(O)OC,4.9416,8.607401,0.7418246912265336
CC=C(C)CCO[N]C(C)=N,4.9416,4.27053,0.13580010040342494
C=CCSc1cocnc1=N,2.465,4.177146,0.6945825387208022
CCCC1CCC(C)=C(C)C(=O)NO1,5.124,5.880316,0.14760261136605168
CCN1C2=CC3CC(C)C(C)CCCCC2C31,8.283,5.4864907,0.33762033967512406
C=NC(O)(C(C)=O)C1CC1=C,2.849,5.104636,0.791729095234039
CC1=C=CC=C2CCCCC1C2,4.67,4.5638337,0.022733680185975543
CC1=COCCC2=CC2C(C)N(O)C=CC1,4.67,4.7133327,0.009278940695000935
CCCCCCC1CC1CCCCC,8.368,9.849015,0.17698556834379522
COCCC1(CO)CCCN(C)C1,8.368,7.492094,0.1046732743885048
N=C1C=CN2C=CC=CC=CC2=C(S)CS1,4.43,2.7210844,0.38575973898239646
CC(C)COC1CCCC(O)N1C,7.753,7.8376045,0.010912488418041792
CCPCCCCCC(O)C(C)O,5.8124,8.489046,0.4605061759001028
C=C1CCCCC2CCC(=CCO1)O2,5.8124,7.4201236,0.27660236341578687
CCC=CCCNCCC1=CC(CC)=C1,5.8124,5.1585298,0.11249574040785752
NC1C=CC=C(OC=O)COC(=O)NO1,4.757,4.5118527,0.05153400436378907
CNC(CNCC1=CC(C)=N1)COO,4.757,5.229471,0.0993212542915786
NN1CC(O)COCCC1C(=O)O,5.347,7.066662,0.3216124620753313
CC1CC=CC=CNC(=O)CC(C)CCC1,5.347,4.686075,0.1236066559619808
COOOC1CCCCCCCCC1C=C=O,6.237,6.8612623,0.10009015896619655
CCCC(CC)C[PH](C)(O)CC,7.565,8.380481,0.10779653222688516
O=CCC1=C2C=CC2=CC=C2CCC21,3.151,3.468788,0.10085303349859644
CC1=CC=C=C=C(C=S)C(C)=CC=CC=C1,3.151,2.6324883,0.1645546649532142
CSCc1ccc2c(n1)=CSC=CC=CC=CN=2,3.151,2.1878846,0.30565389743951416
C#CC1CC(=C)N2CC(CCCC(=O)C1)C1CC12,7.978,6.439171,0.19288407653517875
CN(CO)CCNCCCC#CCC#N,7.105,7.3999195,0.04150872764077338
C#CCC1CCCCC1CCCC(N)N,6.0409,7.3319874,0.21372434256177816
C#CCCC(CCC(CN)CNO)NC,6.0409,7.9275575,0.3123139711656056
CCC12CCCC(CCC1)C2SC,6.0409,6.500046,0.07600618721832637
C=C1CC2C(CNCCC)CC2CS1,6.0409,6.61753,0.09545429804823621
C=C(CC)C(C)C(C=COCC)CC,6.0409,6.184086,0.023702734020968053
CC1OC(CO)CCCCC(CO)O1,6.0409,9.142238,0.5133900020309959
CC1=CCC1CCCCCCCCCCO,9.184,6.8042626,0.2591177441101871
CCCCCCCCC1CCCCOCC1,9.184,9.202776,0.002044420209080579
CC(O)(O)C(C)(CO)OO,9.184,9.127775,0.006122039170215276
CCC1CNCCCC12C1CSSC12,5.138,5.76756,0.12253016839003278
CCC(=O)N1CCOC(C)N1,6.055,7.218629,0.1921765290440655
[C-]C(=N)ONCC(CC=O)CCCC,6.055,6.244647,0.03132073097638514
O=CCNCCCCCCCC1CCCCCN1,6.055,6.774454,0.11881983762531617
COC1CC=CC(C)=CCC1CC1CC1,5.021,6.0946126,0.21382445696458666
N=C(CN)CCNC=CNC1CC1,4.152,5.4486585,0.3122973184824449
CC(=O)CC1C=CCC(C)N1,6.158,5.8137436,0.05590393125875391
CCSCC(C)COC(C)=O,6.158,6.9051394,0.12132826343919204
N#CCOCOCCCCC(CN)COCO,8.036,8.332077,0.03684383105614583
CCCCC1CCCCCCCC1CCC,8.036,9.990273,0.24318983021988216
CC(=O)NC=CCN1CC1CCC(C)C,8.036,6.219109,0.22609394495020815
CCC1CCC(CCOC)N1C1(C)CCN(C)C1,7.301,7.3517094,0.006945537028451775
O=CC1CCCC(CCCCO)CC1,6.912,6.9699516,0.008384205676891196
CCC(O)CC(C)(N)CC,9.502,7.898667,0.16873638616363976
CCCCC(CO)(NCC)C(C)CC,9.502,7.846038,0.17427511421963185
CCC1CCCOCCOCC(C)CC1,9.154,8.529642,0.06820601866915675
CC(N)NCONCCC1CC(C)(C)CC1CO,9.154,7.6592774,0.16328627494893688
CCCC(C)C(CC)(CCC)CNC,9.154,7.5921035,0.17062448314477555
CNCC(C)N(C)C(O)C(C)OC,9.154,7.9220796,0.13457728171937194
CC1=C2C3CCC1N2C3CCCN,7.513,5.3375635,0.28955630045128805
CCC1C2C(O)CCC1(C)C2C,7.513,8.449533,0.12465505956667298
CCC(C)C1CC(C)CCCCC2CC21,7.826,9.03918,0.1550191415718015
CCCC1CCCCC(C(C)CC)O1,7.826,8.804363,0.1250144710877105
CC(=O)OC1CCCCC1CCN,5.886,7.271071,0.23531616669789973
CCOC(=O)C1(C)CCCCCC1,5.886,7.4863763,0.2718953934000983
C=NC(CCNC)CCC1C=CN1,3.573,5.735839,0.6053285446615404
CC1=NC(C=CCOC(C)C)C1,3.622,6.015214,0.6607437786774238
C=C1CC(CO)C1=C(C)CO,3.622,5.940873,0.6402189801372526
CCCC1=C(C(O)CN)CC=C1SS,3.622,3.8992124,0.07653571518003319
C#CCCC1CC(CCCC)C1NCCCCC,7.655,7.598598,0.0073679943321422695
CC(C)(C)CCOO,7.655,7.8709745,0.028213525892939118
CCC1CC2CCC3CCCCC3CC1(C)C2CC,7.655,9.295782,0.21434122654910492
CCC1CC2CCCCCCC1(C)C2,9.151,8.672119,0.05233098670910281
COC(C)(CN)CC1CC(C)C(CN)C1,9.151,8.002708,0.12548263194638903
CCC(CC(C)C)CC1CC1C,9.151,9.440362,0.03162080391471264
C=C(COC)CC(CN)CC(C)CC,9.151,7.0143795,0.23348491953417402
C#CCCCCCCOC(C)CCCCOC,8.784,8.314433,0.05345706991810624
CCC1(O)CCCC(C)CC=C(C)CCC1C,8.784,6.422598,0.2688299311097637
CCC1=CC2=NC1CCC2,4.025,4.3897233,0.090614484704059
OC1CC=NCC(CCC=S)NC1,4.025,4.7766705,0.1867504238341905
CCCCCCCCCCCCCC(C)CN,7.9,8.730668,0.10514785670026944
CC1CCCCCCCCOCCCCCC1,7.9,9.046411,0.14511526083644427
CCC(C)C(C)CCCCOC,9.14,9.409434,0.029478590650161913
CCCCCC(CCC)C(OC)C(C)CCCCN,9.14,8.462524,0.0741220553542123
CC(O)CCCCC(C)C(C)CCO,9.14,8.499599,0.07006570494670582
CCCC(C)CC(O)COCC(O)CCCN,9.14,8.049932,0.11926350917023178
CC1CCCCCC2CCCC(C)C12,8.153,9.348341,0.1466136376989058
COCC(N)CC(C)C1CCC1C,8.153,7.49989,0.08010672750932729
CCCCCC(C)C(C)CCCC1CC1,8.153,9.553932,0.17183026983213612
CCCCC#SC(O)CCCC(C)CCCC,9.293,6.7251515,0.27632072109664507
C.CC(=CCC(C)C)CC(C)C,5.018,6.8023605,0.3555919758206395
C=CC(COCCC=O)OCC(CC=O)OC,5.018,6.925309,0.3800934996439576
CCCCCC1CC1OC(CC)COCC(=O)O,5.018,7.84373,0.5631187670066472
C=C1CCC=CC(C)=CNCCC1,5.674,4.258079,0.2495454614079247
CC(C)CC(CO)CCC(=O)O,6.7103,7.513951,0.11976376983704881
CC(O)CCOCCC(C=CCO)CP,6.7103,8.1593485,0.21594392022025896
CCCC1CCOCC1PSC(O)O,6.7103,6.9221916,0.031577071050928676
O=C1OC(=O)C2CC2(CO)O1,6.7103,6.768973,0.008743703513664663
CCCC1CC(CCCO)CCCN1C,9.652,7.8422527,0.1874997170199707
C=CCCCC(C)OC1C(C)C1O,9.652,7.675586,0.2047672789471306
CCC(N)COC(O)CC,9.652,8.728093,0.09572180405327055
C=NC[SH](CCC)CSCCCNCCCC,5.197,5.8247805,0.12079670274626962
C=C1C2=CN(C)C3CON3N=CN12,4.321,3.4068813,0.21155257292352206
CCCC=COC1CC2CCCCC1C2,9.859,7.230528,0.2666063619223433
CCC1COOC1(C)C(CO)OO,8.727,7.971204,0.08660435384254463
CC1CCCC(C)C2CC2(C)CC1,8.727,9.556673,0.09506967456477111
CCCC1CCC(OC)C(CC)C1,8.727,9.264753,0.061619496009488295
CCCCCCCCC(=O)OCCCOOO,8.964,7.321658,0.18321529066706282
CCC(COCCC(C)C)C(C)CO,8.964,8.243385,0.0803898577709275
CC1=C(NC(=O)CC2COCCCC(C)C2)CO1,8.964,5.7332144,0.36041785158891865
CCCCCCC(CC)CC(CCC)COC,8.964,9.135967,0.0191842095759339
CCCC(OC)C(CCOCO)OCC,8.964,8.711872,0.02812671789044202
CCC1CC(C)CC(CCO)CC1C,8.964,8.583137,0.042488112613485673
CC(O)CN(C)S(C)(C#[SH])CC=N,3.94,6.216936,0.5779025663579176
CCCC1C(C)CCCCC2CC(C)C21,3.94,9.613162,1.439888842819911
OCCOCC1C=CC2CC1CCCCCCN2,6.362,6.2221775,0.02197775770305502
CCOC(C)(O)SCCCNCC#N,6.362,7.260369,0.14120855454340253
CCC1CC(CC)C1CCC(C)CO,5.785,8.360652,0.4452293811425528
CS(O)(CSCC=O)PSCNNCO,3.761,5.504803,0.46365412940563144
CSC1=[SH]C(CCC(N)CSO)C1=O,3.761,3.5830915,0.04730351039051727
CC1CCCC1C=C1CCCS1,3.761,6.0327797,0.6040360791288262
COOCCCCCCCCC(C)CC=O,8.985,6.3948927,0.2882701510778054
CC1COCC(COCOCO)C1,8.985,9.221067,0.02627350346008545
COCC1(OC)OC1CC=CC(NO)C(=O)O,5.238,7.068448,0.34945553010909225
CNN=C1CC(COC)CCCC(=O)C1C,4.604,5.6966677,0.23733007628227915
CCc1ccc2c(c1)CC(CO)ON=NC=C2,4.604,4.453515,0.032685696612638995
C=CCC1=NC=CC=C2C=CC=CC=C21,3.099,2.5627213,0.17304896662103708
CC(CCC(N)CO)CONC=O,8.256,7.3996716,0.10372195317763694
CC1C(N)CCCCNCCCCC1O,6.019,7.7781706,0.29226957727734243
CC(O)CCC(C=O)(NOO)OO,5.421,6.421035,0.18447423223155243
COC(C)C(CC(C)C)SC(O)OO,8.057,7.838188,0.027157977983527568
OCCCNC1CC1CC1CC1O,8.057,8.054984,0.000250205695370242
C#CCOCC1C(C)CCC1CC,8.057,8.398031,0.042327322172174574
CCCC1=CCOOCCC(CS)CCCCC1,6.085,5.980819,0.017120916136190743
CCC1CCN(C=N)CC=CCCC2=C(C=C1C)N2,3.63,4.022625,0.1081611486177471
CCC(CNCCCCCCO)C(C)=O,6.185,6.8444,0.10661276136566392
C#CC(N)C(=C)C1CC(C(CCC)COO)C1=C,7.81,6.0136056,0.23001208775480025
CCOCOC(C)CC,9.418,9.012875,0.0430160752525499
CCCCCCCC(C=O)CN(O)O,9.418,6.5788875,0.3014559925020209
CCCC(C)C(C)COCC(C)C,9.418,9.25031,0.017805272440769508
CCCCNC(C)OC(C)C(C)C,7.208,8.591609,0.19195463390117476
CCCCC(C)OC1=CCCC(C)CC(C)OCO1,7.208,6.9011245,0.04257429559011176
CCOC(=O)C12CCCC1C2C(CC)OCO,7.208,7.3596745,0.02104251577904431
CCC1CSC2(C)CCCCCCC12,8.403,7.201866,0.14294107462783015
CCCONC(CO)CSC1CCC1=O,8.403,5.7586007,0.31469704726615383
CCCC(=O)C(C)CC(C)O,8.403,6.1638684,0.2664681152830405
CC(C)CCCOC(O)CN(C)CN,6.909,8.087833,0.1706228693792178
CCC(C)OC(C)CC(C)C(C)O,6.909,8.687177,0.25737106736238796
O=CC12CCC=C(CC1)NC2,6.762,5.2549844,0.22286536840953897
C=C(C)CCC(O)CC1CCC1(C)C,6.085,7.6096196,0.25055375800528484
CONCC(C)COC1=NC(=N)O1,6.085,6.2202024,0.022218972224139155
CCP(C)(C)(COO)OC,6.085,8.407888,0.38174008421948824
CC1CCPP(CC(O)O)CC1,5.603,8.863702,0.5819564198417876
CCC=CC1CC(C)(C=O)CC(O)=C1O,4.814,4.899947,0.01785358671434795
CCCC1C#CCCCC(C)(CC)CCCCC1,9.23,8.190798,0.11258962017485022
CCCCC1CNCNCC1CC,9.23,7.5933228,0.17732147845002713
CCCC(C)CCC(C)OOC(C)CC,9.23,9.005604,0.024311615353932534
CC(C)CCCCC(C)CCCC=CCN,9.23,7.0549684,0.2356480653211071
CCC1CC(C)CCCCOCC1C,9.23,8.8612795,0.03994805117986318
COCCCC1CC(C)CCCCCO1,9.23,8.775372,0.0492555198793422
CC1CCCCC(C)C(C)(C)O1,9.23,9.305254,0.008153194208444733
CCC(N)C(C)(O)C1=CCC(N)C(C)CC1,5.951,6.471455,0.08745674629448609
CC(C)C(CO)C1C(C)CC1O,7.597,8.217427,0.08166740209597789
COC1=NC2CCC2CC(N)CCOOC1,7.597,5.806558,0.23567748688013287
CC(C=O)CSC(O)CNCO,7.597,6.4583135,0.14988634130335554
CCOCCCCC1C(O)=CCCCC2CC(=O)CC1CO2,8.577,6.5954027,0.23103617609999627
C=C1CNCCC(C)C(O)C(C)SC1O,5.271,5.794548,0.09932613065224224
CCCCCC(C)OC(CC)CC,7.358,8.708962,0.183604571961229
CNCC(CC=NC=NCC(O)C#N)=NO,4.101,4.2847886,0.044815559266282716
CC1CCOC2(O)C3C=CC3C12,7.385,7.4426246,0.007802920641734489
CC1C(=O)C2CCCCCCCC12C,9.459,7.1821837,0.2407036956841956
CCCCCCCCCCNCCCC1CCC1CC,9.459,7.560311,0.20072831793987844
CCC(C)CC1CCOC(CC)C1,9.459,9.115406,0.03632455477566831
CCC(C)C(C)CCC1CCCC(C)OC1,9.459,9.455037,0.00041895369442912565
CCCCC1C(C)CCC1(CCC)OC,9.263,9.074504,0.020349357808419996
CCCCCCC(C)(CC)CCCCOC,9.263,9.236348,0.002877237162836594
CCCCCN(C)CN(C)CCCCC,8.376,7.292519,0.12935540919772984
C=CC(N)(CCCCCCN)C(C)O,8.376,7.17833,0.14298830651735958
CCCCC1(COCC)NCCCNCN1,8.376,7.443347,0.1113482596425636
CCc1ccc2c(c1)CCC(O)C2O,4.471,5.5132174,0.23310611701816872
C=CC=[SH]CCCCCOCCCCC,4.471,4.19443,0.06185867268616284
C=C(C=CCOS(=C)CCO)CNOC,3.475,5.215745,0.5009338049579867
CCCC(CC=O)C(=O)OO,4.9171,5.7669353,0.1728326347869156
CCCC12COCC(CCC1C)C2,7.159,9.068112,0.2666730511736347
CCCC(=O)C(CCCO)CCOO,7.236,6.574358,0.09143753642202937
CCC(O)C1CC2CCCCCCC1CC2,7.151,9.124655,0.27599703117011065
CC1=CC2=C3CCC(C)CC1CC2CCCNC3,6.923,5.1707034,0.25311231964433123
CNC(=O)C(CCCNO)N1C=CC=CN=C1,5.5974,4.2666383,0.2377464038730158
C=CC1CC(NOC(CC#N)NC(C)S)C1,5.5974,7.136873,0.2750335456465679
C=C1CCCCCCC(C)OC(O)C1,5.5974,7.2613153,0.2972657565591453
OOP(O)OCCCCC1C=CC1,5.105,7.430375,0.4555093240317587
C=CCC(CCc1cccc(O)c1C)COC,4.378,5.9994836,0.3703708509268309
C=CC(C)CCC1C=CC(C)C1,4.637,6.258875,0.34976814604021506
CCC1C2NC(CC3CCC(=O)N3C)[SH]12,5.042,4.8037925,0.04724464961244488
C.CC1=[SH]CC2C=CC1CC2,5.042,3.6561534,0.27486048384064576
CN(OO)C(=O)OCC(O)O,5.042,7.2207165,0.4321135415391571
CC1=C=CCC2C3=CC2=C2C=COC3=C2C(C)=N1,3.995,2.777042,0.30487061024308953
CCC(CC)CCCCCN1C=C(C)C(C)C1,7.853,6.951071,0.11485154902298979
CCCCC(O)CC(C)C1C=CCCC1C,7.853,6.736374,0.1421910223650595
CCCC=C(CCCC)CC(C)CCC,7.853,7.0667124,0.1001257634718494
CC(CCC=O)CCOCOCCO,6.86,7.052488,0.028059453380351117
CCNC(C)CC=C1CCCCCCCC(C)C1,6.86,6.133216,0.10594520346416333
CC1(CC2CC=CC2)COCCCC=C1CO,7.347,6.321048,0.13964233253056366
C=CCC(O)C(CN)c1ccccc1,7.347,5.30648,0.27773513939326455
CC(=O)N1C=CCN=C(CCO)C(C)C1,5.9239,4.7426567,0.19940297645745672
CC1CCCCCCCC2=CC=CC=CC2=N1,5.9239,4.033185,0.31916727068519246
CC1CC1.COCCCNC1CC(C)CC1CS,5.9239,7.434614,0.2550202031632126
CCC1(O)CNC(O)(S)CN1,4.547,7.9639525,0.7514740579175981
COCC(O)C1CCCNCC(C)O1,4.621,7.910448,0.7118476681109759
CCCC1C(CC)CCCCC1OC(C)(C)COC,9.63,8.763681,0.08996039338077223
CCC(C)CCCCCC(O)C(C)C(O)CC,9.63,8.56822,0.11025751416928307
C=CCC1C2CCCC1C(C)=C(C)C2,5.5566,6.8606043,0.23467665230425927
COCC1CC2=CC=CCC2CC1C,5.5566,5.961802,0.07292265157971094
CCC1CCOCC(=O)CCC(CC)O1,5.5566,7.096603,0.27714842110598725
CCC=NCC(C)C(O)CCCCCN,5.5566,6.8205833,0.22747423667455977
CCCC1CCCCCC(CO)O1,8.245,9.645682,0.16988263613097673
CCCCCCCCCCCCCCCNC,10.041,8.098702,0.193436666594453
CC1CCC(C)(CN(C)C)CC1,10.041,8.178408,0.18549868847053255
CCCCCC(O)(CCC(C)C)COC,10.041,9.060789,0.09762084371313945
CN1CCNCSCC(CNCCO)C1,10.041,6.5753603,0.3451488598589047
CCCC1=CCCC=CCC=CCC1,3.826,5.133884,0.3418410750377633
NC1=COCC1=CCCC1=C2C=CC=CC=CC=CC=C1C=C2,3.826,2.6574037,0.3054355181640689
CCNCC(N)C(=N)CNNC(COC)CN(C)N,4.729,6.828192,0.4438977022709466
CCCCCC1C(OC)COC1OCCO,4.729,8.551118,0.8082296250864224
CCC(C)NCCC1=CC2=CC=C2C2=CC12,4.049,3.2323008,0.20170393717910198
CC1=C(CO)C1C1C(=O)C1N,5.6001,5.2726226,0.0584770655351457
COCC1CCC2CC(OC(=O)CNN2)C1O,5.6001,6.6612186,0.18948208838922095
C=CCCC(=CCC)CCCCCOCO,4.329,6.534896,0.5095624617490463
C=C1CC(CC)C=CCC(C(C)=O)S1,4.329,4.8510127,0.12058505584582861
CC1CCCC2CCC(C)C(C)CC(N)C(C1)C2,9.442,8.667525,0.08202443428904142
CC(C)CCC(C)(C)CCCCO,9.442,8.828526,0.064972935478406
CCCCOCC1CC1N(C)C(C)C,9.442,8.498171,0.0999607230818542
C1=C2CC1=C(C1CC1)C2,5.5103,6.1618786,0.11824738867492328
CCCCC(CCC)C(C)C(=O)O,5.5103,7.0791364,0.28470979286292014
CCC(CCCOC(O)OC)COC,7.766,9.400305,0.2104435738232711
CC(N)CC(C)CCN1CC(C)CCCC1=O,6.504,5.549741,0.14671882052263205
CCC(=O)CCCOCC1CCCO1,6.504,7.209819,0.10852073186144771
CCCCCCCCCC(CO)CCCC,9.369,9.493489,0.013287358890158476
CC#CC1OCCCC1(C)CC,9.369,7.896573,0.15715945493527314
CCC(=N)CC(NN)C(C)C1CCCC(=O)NNC1,9.369,5.049991,0.4609893125382797
CCCCCCC1CCC(C)CCC1C,9.369,9.258913,0.011750129132123702
CCNCNC1=C(CC)CSCC(S)=C1,3.453,4.889412,0.41598955293064915
CC1COC(=O)C=CC=CC(O)C1=O,3.453,4.3618474,0.26320515513040355
CCCCC(CCCCOC)C(CC)CC,7.63,8.950983,0.17313015039126498
CCCCCC1C(C)CC(C)CC1NCCC,7.63,8.028326,0.05220524699159876
CCCCC(C)C(CCO)CC(C)OC,7.63,8.374178,0.09753314976923433
C=NC1=C(C)N=CC(C)=C(O)CC1,4.738,3.5756598,0.24532297342927617
CC(NNNNON)C(O)CCN(O)O,4.321,7.5121,0.7385096551091328
CC(=CCC(C)C(C)CC(C)CCCOO)C(C)C,8.427,7.356482,0.12703429109277536
CCCCCCCCCCCC1CC1CCO,8.427,8.906806,0.0569367499853406
CCCC1CCCC(CCC)C(C)C1,8.427,9.846181,0.1684087950436122
CCOCCOCC1CC(CO)C1C,8.427,8.734375,0.03647502076658365
CCCCNCC(C)C(C)COCC=O,6.169,6.9898977,0.1330682003511605
COC1COC=CC=CC=C(OO)OC1OC,6.169,4.490816,0.2720349949208935
CC1C=C(O)CCCCCCNCC1,5.894,6.509502,0.10442856023948312
CCCCN1C=S(N)CC(CO)O1,5.894,5.4653997,0.07271806207559132
C=C(CCCCC)C1=CC=CC=CC=C1,5.894,3.4826577,0.4091181420131097
OC1=CSC=CSC=C2C=CCC2(O)NN1,3.837,3.0167432,0.213775558213191
CC=CC(C=O)C1=C=C1,4.297,4.266893,0.007006537118067861
[C][C]N(C=N)CC=O,4.297,3.9309053,0.08519773281311356
NC(CO)CCCCC1CC1CC1CC1,7.124,8.303024,0.16550032172826892
C[PH]1(SCCN)COCC1OCCCO,7.124,6.9259806,0.02779610219930808
CCC(C)C(CN)CC(C)CO,7.124,8.046982,0.12955949066864653
CCCCNNCC(C)OCCC(C)CO,8.577,7.5955696,0.11442583530422022
CCC1CCCCCC(C)(CO)C1,8.577,8.940566,0.04238848815754298
CCC(O)CCCC(C)OCC(C)OO,8.577,8.497575,0.009260253443700718
CC(C)CCNCC1C(C)CCCC1C,8.577,7.9450326,0.07368163733378398
CCC1C(C)=CC=C2C=NC=C2NNCC1C,3.306,3.432496,0.038262574368365505
CCC(C)CC1CCCC(CC)CC(C)C1,7.578,9.560036,0.26155129395175586
CC(N)(NCCCCCN)C1CC(CCC#N)C1=O,7.578,5.950221,0.21480323809625987
C=CCCCCC1=CC=C(OCC)C1,3.733,5.0308547,0.34767069434659775
OC=CCNSC1SC=CC1O,3.733,5.2379026,0.40313491596474327
CCCCCNCCC1CCC(C)CO1,6.455,8.079756,0.2517050012519062
C=C1CCCC(=CCNCCCC)CN1,6.455,5.76606,0.10672968621405404
CCCCCCCCCCCCC(CC)CO,6.455,9.184271,0.4228150052307743
CC(=O)CCCCC=CC(C)CCN,6.455,5.650036,0.1247039724005737
CCOC(=O)CC1=NOC(C)C1,7.587,6.0948715,0.196669102280731
NNCCCOCC1OCC[C]C(=O)CO1,7.587,5.4249754,0.2849643607219406
CC1CC1CCCCCCC1CC1CO,7.587,8.903243,0.17348663040468848
C=C(C(C)C(C)=O)N(C)CO,6.104,6.331604,0.03728768084964776
COC(ON(C)C)SNOC(C)=O,6.104,7.030241,0.15174328515289026
CCC1CC1OCC(C)CCOC,9.29,8.927617,0.03900785004746148
CCC(CCCCCCN)C(C)CCO,8.498,7.7077823,0.09298867162577423
CC(C)CCC1CC(C)C(C)C1,8.498,9.684142,0.13957897302093838
CCCOCCOCCOC1CC(Cl)O1,8.498,8.988025,0.05766353396197781
CCCCN=C(C)CCCC(O)C(C)CCO,8.498,6.828772,0.19642597457946787
CC(C)CCC(C)CC1CCCCO1,6.955,9.70928,0.39601438016363566
CC=C(O)C(CO)=C(C)C,6.955,5.347986,0.23105877479317377
CCC(CO)CCC(CO)CCCO,8.778,7.982066,0.0906737121804534
CCC(C)CCCCOC(C)(O)COO,9.565,8.624267,0.09835163361728343
CCCCCC1C(CC)C(C)C1COC,9.565,8.421677,0.11953197744462228
CCCC(C)OCC(C)CNCCCC#N,7.946,8.053825,0.013569768237851627
CCCC(CCC)CC(C)CCC=O,7.946,6.395013,0.19519093184875594
CC(C)C(C)C(C)C1COCCCC1C,7.946,8.680863,0.09248217725045674
CCC1OCCC(C)CCCCCCC1N,7.946,8.264336,0.04006237507226517
CCCCCCCCCNN(C)C(C)C,7.946,7.340743,0.07617127298258604
CC#CCCC(CCCC)CCCCC,7.875,8.829408,0.1211946275499132
CC#CC(C)CCCCOC(CC)CCC,7.875,7.5441523,0.042012411450582834
CCCC1CCC(C)CC1CC#N,7.875,9.184551,0.16629222082713294
CCCC(CC)(CO)OC(CO)OCC,8.849,9.191083,0.03865780928994667
CCCCCC1(CC)C(C)C1CC,8.849,9.381029,0.06012307933419823
CC[PH](C)(CC=O)C(C)CCCOO,8.849,5.6698637,0.35926503549929945
CC1CC2CC#CC2C2CC2N1,8.849,8.413864,0.049173450588519914
CCCC1CCCOC(OC(=O)O)O1,3.483,8.103536,1.3265965122482468
CCC(CCCOC(NN)C(C)NNCNO)=C(C)C,3.483,7.5008073,1.153547885532253
CC1=CC(CCCN)=CCCCCC1,3.483,5.8747125,0.6866817304604087
O=CC=C1N=C(C(=O)NOS)C=C1O,3.483,2.931601,0.15831149942122621
CC(C)OCC1=Cc2sccc2NC1,3.483,4.780405,0.3724964239321458
CCCCNC(C)(C)C(C)OC,8.085,7.997509,0.010821397317805067
CC12CCCOC(C)(NN)C1CO2,8.085,8.088192,0.0003948034735910355
CCC1CCC(C)NCC(OC)CC1C,8.085,7.588008,0.06147088102153158
C=CCCCCCCC1CC1CCC(C)N,4.683,7.1772704,0.5326223387668308
CN(C)CCC1CCCCCN(CCO)CC1,5.524,8.137795,0.47317079078624596
C=C1C(CO)P1C1CCCCC1,5.524,7.256424,0.31361765934020863
CON(O)[SH](CSC(C)OO)C(C)C,5.524,5.901127,0.06827061216007704
CCCC1CC2C=C1CCC2C1CC1,5.524,7.219225,0.3068835861349693
CCOC(O)C(C)CCCC1=C2C(NC)=C=C12,6.476,3.9894955,0.38395683819898635
O=C1CCCC(SCCO)CCPOO1,6.476,6.271362,0.031599470684011456
CCC(=N)C1CC(N(C)C)C1,6.476,6.2008696,0.0424846262752163
NSC1C[C]1CNNNC1C=CC=CN=C1N,3.159,3.3280532,0.053514794557673516
O=CCNC1=C2C(=NC2CO)C=CC=CC=C1,5.353,3.0959454,0.42164293699301936
C=C=NC1CC2(C)CNCC12,5.293,6.281015,0.18666444724749776
CC(C)OCOC(O)CCCCCO,6.637,8.382009,0.26292128259021696
CCCCC1C(CCCN=O)C2C(C)C12,6.637,6.5480013,0.013409478775399095
CCCC(O)C(OC)OOCCOCOC,7.369,8.867871,0.20340226414504867
CC1CC=C(S)CCC1CCCCO,7.369,5.8860774,0.20123796932796623
CCC1(C)CC(CC(CO)C(C)C)CCN1,5.148,7.3312287,0.42409260549004363
CC1NCC(CC=CSCNN)CC1C=O,5.148,5.340659,0.03742407566832317
CCC=CC1CCCCCCCCC1=COC,5.148,6.337225,0.23100717955072822
CC1=CC=C(OCCCCN)ON=CCC1,6.242,4.687064,0.2491085916633447
NCCCC1CCCCCCCCCCCC1,6.242,9.120363,0.4611283619791145
C=COC(=O)C(C)OCC(C)OO,6.242,6.7724786,0.08498535412926202
CCCCCCC(C)CC(C=O)=CO,6.242,6.137434,0.016752001644135744
CCOC1=CC=CSCC2=CC=CC1=CC=CN=CC2,3.946,3.083127,0.21867029351506573
CCNNCC1=CC=NCCCC(=O)C1,4.74,4.632218,0.02273884302453154
C=C(CC)CCC1CCCNCC(C)CCC1CCN,4.74,6.512789,0.37400607016519144
CCCSCOC[SH](CCSCO)C(C)C,4.74,5.8036137,0.22439106808433043
CCC[N][C]1N=C1NN,4.74,4.918055,0.037564358127771
CCOCC(C)C1=C(OCC(C)OC)CO1,5.007,7.207366,0.43945795679749533
CCCC(CO)C(C)CC,5.0586,8.900629,0.7595044169491759
CC(=CCN=O)CNNCCCN,5.0586,5.1878486,0.0255502644926751
CCCC1CCCOCC(=O)OCC1,7.687,7.774317,0.011359020127452359
CCC12CCC3CCCC1CCCCN=C2C3,7.687,6.6529193,0.13452331306752296
CC1=CC=CC2CC(O)C=C12,2.988,3.9516287,0.32249955990547474
C#CC(C=CO)C(=O)CCC,5.829,5.483153,0.0593321553673828
CCCC1CCCC(C)C1(O)OCCC(C)C,7.363,8.933125,0.21324521828552595
CCCCC(CC)COC1CCC#CCCC1,7.363,8.053787,0.09381871946832976
CCC1CCN=C=C(CC2NC2(C)C)C1,5.162,5.7307653,0.11018313496946967
C=C1C=C=CCC(CCSC)C1N,5.206,3.7812002,0.2736841777723843
CCC1(C=NC)C=CC=CC=COC(=O)O1,3.739,3.5496306,0.05064706019329875
CCCCC(CC)OCCC(C)OO,8.207,8.460213,0.03085326032893024
CC(C)CCNC1CC1CCNN,8.0,7.6852617,0.039342284202575684
C=C1CCCCC(CC(C)CCC)C1CCCC(C)C,6.006,7.763377,0.292603594678027
CC(COC(=O)OOO)C(C)OO,6.169,7.515933,0.21833895879465062
CCC1CCC(CCO)CC(C)=CO1,6.169,6.7707376,0.09754217020753028
CCCCC(C)C(CC)OCCCCO,6.169,9.246167,0.4988113442895711
CCCC1CC=NC(C)=CC(=N)C1,5.2055,4.7247148,0.09236101123581537
C=CC(OCC)OCCCCCCC,9.891,7.7503924,0.2164197313738549
CCCCC(C)CCCC1COC(C)C(C)C1,9.891,9.287541,0.0610108796415598
NCCC1N2CCC13CCCC2CC3,7.872,7.377202,0.0628554326731984
COCC(CO)COCCCOC(C)OC,7.872,9.22197,0.17149004122106043
CCc1csnc(C)ccncc2sc1=2,2.893,3.3315523,0.15159082857745773
C=C(O)CCCOCCC1CCCC1C,5.328,7.864337,0.4760392206209199
CCCCC=CCC(N)CCCC,9.198,6.374757,0.3069409857524118
CCCCC1CCCCCCNC1CC,9.198,7.85995,0.14547183457134238
CCC(C)C(=CC(O)CNC)OO,6.661,6.4672637,0.029085167605782728
CC(=O)CCCOCCC#CCC(C)C,8.362,6.4986196,0.22283908677027003
CC(CC1CCCC1C)C1CCCCC1,8.362,9.553875,0.1425346770488426
C=CC(CC=CC=CCC)NO,4.016,4.7886386,0.19239008759122445
O=C1C=CC2CC=CC=CNN12,4.1878,3.414392,0.18468121818703898
CC(=O)OOC(C)C(O)CNNN,3.146,6.4946346,1.0644102442135723
CONC1=CCC2CCCC1CC2=O,6.419,4.875575,0.240446320982584
CC1CNNC(=CNCCCCN)O1,6.419,6.2315636,0.0292002542272574
CCCCC(C)CCCCCCCCCN=O,7.483,5.850581,0.21815031817073122
CCC1C(C)CC(C(C)C)C1C#N,7.483,7.85484,0.04969127379237344
CCN(CC)CC(S)CCS,7.483,5.9719343,0.20193313931010548
CCC1C=CC2=CCCC(CCCCOC)N21,5.532,4.746855,0.14192791357474835
CC(=[SH]CC=O)N(C)OC1CC1,3.059,4.505314,0.4728061043775794
C=C(C)CCC1CCCCC(CC)O1,6.161,7.4387965,0.20740083107176674
CC1=CC1CC(C)[SH](C)SSS,3.361,3.576395,0.06408659172568844
CCC(N)CCC(C)CCC(C)CCO,9.325,8.148613,0.12615410444244296
CCCCOCCCC(C)(CCC)CCCC,9.325,9.343298,0.001962247546812241
CC(C)CCCCOCCCCCOO,9.325,8.379207,0.10142555952711328
CCCCCC(C)C(CC)CC(C)CO,9.325,9.1038065,0.023720483038444547
CCOC1(CO)CC(CCN(CC)CO)N1,9.325,7.760829,0.16773952044366824
CCC(S)(CN)OC(C)OS,7.053,6.4403944,0.08685745051037955
CCOC(=O)C1=COC(CCCCCO)COO1,7.053,5.9928436,0.1503128274592815
CCCOCCCC(CC)C(N)CCCC(CC)C(=O)CC,7.053,7.1345925,0.011568486191914409
CCCCC(C)(CO)C(C)=COC,5.393,6.8542986,0.2709620974622232
CN1C=CC2=CCCC=C(C1)S2,5.393,3.9302115,0.27123835638107446
CC1=C2C=C(NCCCNC2)C(CNCC(C)C)C1,5.393,5.425274,0.005984404832870774
C=C(C=O)CCC(O)C1CC1=C,4.83,4.8798265,0.010316055013526285
CCCCC(CO)CN(C)CC(C)C,8.721,7.609572,0.12744273205523016
CCCC1CC(=C(C)CC2CC2C)C1C,8.721,6.690128,0.23287147694314214
CCCCC1(C)C=C=C=COCN1,4.751,5.578133,0.1740966335995978
CCCN1C(CCCCCCCN)C2CC21,6.495,7.801008,0.20107901839681364
CC1CCCCC(=O)OCC(CO)C1C,5.0423,7.430677,0.47366815483078584
CNCC(C)(O)NC1CCC(C)CC(=O)C1C,5.0423,6.404765,0.2702070739720674
CCC1CC(CN)(CS)CCC1CS,8.229,5.9849243,0.27270332769397854
C#CCCCC(C)(CC)C(C)CCC,8.229,8.865155,0.07730650383178261
C=C1C=CCC(C)CCCC(CN)C1,4.792,6.068862,0.26645700362369495
COC[PH](O)(O)OOC(C)(O)CO,4.884,8.153038,0.6693362049349597
CCC1CCCCC(CO)C(CCCCCC(O)OO)C1C,7.459,8.559827,0.1475837043693677
CCCCCCC1CCC2CCC(CO1)C2C1CCC1,7.459,9.134171,0.22458379571344186
CCC(N)C1C(F)=CC=CC1NCCNCC1CCC1C,7.459,4.8961024,0.34359801200747025
CCCCNNC1C(CO)CC1CC(O)=CO,8.468,6.7587175,0.20185196776968947
CCC1OCOCCC(O)C(C)CC1C,8.468,8.495172,0.0032087325148837014
COPCC(C)C(OC)C(C)O,8.468,8.232674,0.027790074985884355
CCCOCCCC(C)CC(O)CCOC,8.468,8.588472,0.014226779207960302
CNCCNCC1CCC(C)(C)C1,7.165,7.8078156,0.08971605746794312
CCCCCNC1CCC(CC)C1CCC,7.165,8.241472,0.15024036905271393
C=C1CC(=C=CCCCCC)C1,5.929,5.8941493,0.005878005829603807
C=C(CC)C1N(CC)[SH]1C=CSNCNNN,5.929,3.997783,0.32572390864683176
C.C=CC=COCOCOC(COC)OC,5.929,6.293964,0.06155572763521161
CCCNCCC(C)(C=O)C(C)C,5.929,6.3178663,0.0655871690636562
CC(CSF)C1=C(CN)CC1,5.989,5.1456943,0.1408091073920759
C=C(O)CC(=C)C(=C)CN=O,5.502,3.9234138,0.2869113497801669
CCC1CCCCOC(C)CCCC1,8.457,9.237982,0.09234738042623243
CC(=O)C(C=O)CONC1OC1C,8.457,5.631135,0.334145088461932
C=COCC=C=C=CC(=O)CC=O,5.197,3.5985692,0.3075679902367943
C=COC(C)C1=CC=C(O)OC=CC=NC=C1,3.908,3.0173228,0.2279112644058899
CCC1CCCC(C(CCC2CCCCOCC2)NOO)C1,3.908,8.229155,1.1057202115639695
CC1=CCCCCC2C(CC(C)C)CC12,7.483,7.2881546,0.02603840678193484
CC(C)CCCNC1C(C)CC(C)CCCC(C)N1C,7.483,8.138016,0.08753384298681183
CC1C2CC2C12CCC(=O)CC2,4.31,6.68878,0.5519210744623243
CCCCCC1CC2C(CC)C(O)CC2(C)O1,6.169,8.560446,0.38765533887541925
CCCC(=O)NCC(N)CNCCCCNCNNN,5.421,6.806156,0.2555167235652583
CCC1CCCC1CC1CC=[SH]CNN1,3.23,4.5811543,0.41831403915358034
CCC(CO)CCCCOCOCCC=O,5.8096,7.2283955,0.24421568817752223
CCOC(C)CCS[SH](C)C=CSCS,5.8096,3.1746538,0.45355037032852025
CCC1CCC(CC)N(C)C(=O)C1,4.087,6.7853336,0.6602235462253124
C.CCC1C=CC2=CCCCC2C1,4.087,5.2578735,0.28648728533306833
C=C1C=[SH]CCC=C2N=C1C2=COCC,4.087,2.7818434,0.319343424555081
CC1CCCCCC1C1CC1(C)N,6.185,7.855736,0.2701270458865957
C=C(CC=CCCCCC)CCCCCC,8.493,6.341828,0.25328766402740105
CCCC(C)(C)COOCC1CC1C,7.5,8.3524,0.11365331013997396
C=CCCC(=C)C1=CC(C)C1,6.359,5.0078826,0.2124732512875836
CCCCC(C)CCCCOCCC(C)O,6.359,8.696183,0.36753942516918997
CCC(C)CC(C)CC(C)CN=O,7.304,6.1269794,0.16114740538832134
C=C1C=CN=CC(=O)N(O)N=C(CCC)CN1,4.942,2.933923,0.4063288130194781
CCC1CCC2CC(CC)CC2C1,4.996,9.327157,0.8669249440690245
CC(CCO)C1CCC=NC1(C)C,5.6137,6.553497,0.1674113040625554
CCC(CC)CC(C)CCCCCl,5.282,9.896745,0.8736737463249487
CCOCCN1C=CC=C(CSC)OCCOCC=N1,5.282,4.771289,0.09668896785968635
CCCCC1CC(CCCCC(C)CC)CCCCCCO1,9.97,9.274202,0.06978913271797821
CC(C=CCC=CCCO)CCC=O,5.121,5.372834,0.04917676344999823
COC[C](CN=CCC=O)NNOCN(O)O,5.121,4.652033,0.09157725987642039
CC(C)CC1CCOC1CC(=O)CC1C(C)CC1O,5.121,6.859931,0.3395686374002078
C=CCOOC(CO)COC,8.822,7.642814,0.13366423040202774
CC1CC(C(C)C)C(C)(C)C1,8.822,9.519268,0.07903741055187857
CCCCC(C)(C)C1CCCC1C,8.822,9.422331,0.06804929226062606
CCCC(CC(C=O)CC)=C(C)C,8.822,5.7930746,0.3433377229824165
CC(O)CCC1SC1(O)P,6.868,7.233407,0.05320428371707154
CCCCCN=C(CCCCC)C(C)C,6.868,6.8751664,0.0010434502283361332
CCC12CC(=CC=Cc3ccccc3C1)O2,4.373,4.08875,0.06500116954971831
CCC1(N)CC(C)=NN=CC=C1C,4.373,3.5474002,0.18879482366115696
CCCC1CCCCC1OCCN,9.519,7.9490404,0.1649290458133384
CC.COCCC(C)CC(C)N,9.519,7.9938583,0.16022078606971912
C=CCSSC(CC(C)N)SCC=N,4.6477,5.6005754,0.20502085915238055
COC1=C(O)CC(=O)C=CC=CC=C1,3.475,2.599207,0.25202678433425135
SC1=CC=CC2=CN1SC=C2,3.475,2.543829,0.267962887990389
CC1CC2=CC=CC=CC2=C(C(C)C)C(N)C1,5.129,3.4604075,0.3253251129852491
CC1CCCCCC(CC2CCC2N)CCCC1(C)O,7.295,8.840094,0.2118017289473473
CCCCCCCCC(C)CC(CO)OC,6.411,8.854539,0.38114785798494843
CCN1CCCNC2C(O)CC(C)OC21,6.411,7.7625895,0.21082349939960685
CCOC(O)CNCC(C)C(C)O,5.652,8.495702,0.5031319514960999
CC1=CC=CC=CCNCCC(CN)CNC1,5.652,4.2914724,0.24071612968903777
CCOON(O)c1cccccc(O)nnc1O,5.652,5.255171,0.07021039947920124
CCC(CO)CCC(O)CCO,6.297,7.8160305,0.24123082457032496
CC(=N)C1C=C(C)CC2CCC(CCNC1=O)C2,6.297,5.2965813,0.1588722775431877
CCCN1C2C(=O)C(C)CN(C2[O])C1C,6.297,5.872221,0.0674573617528994
C=C1CC(O)CC(CC(C)CCC(=O)CC)C1,5.429,5.9498167,0.09593234551416217
CSCC(C)CN=c1cc(C)n(O)ccccccc1=O,3.176,3.177308,0.00041186479236972605
CCOCNNC(C)=N,4.351,7.3236365,0.68320766072853
c1cncc2cccc-2c1,4.351,3.8487206,0.11544000217487718
CC(CCPCP(O)P)CC(O)OO,5.548,7.940082,0.4311611523452902
CN(C)C(C)(COO)CC(=O)O,5.127,6.676502,0.30222395704763083
COC(C)CC1CC2=CC=CC=C1C2,6.441,4.7000012,0.2702994504305835
CCCC1(NN)CCC2C(C)CCC2C1,7.695,7.830007,0.01754477924151104
CC(C)C(NSCNOO)SCN(C)C,7.695,6.7933445,0.1171742043299982
CCC(C)CCCC1CCCCCCC1C,7.695,9.857901,0.28107870298984217
CCC(CO)OC(C)CCCCCO,7.695,8.490565,0.10338730344220827
CCOCC=CCC1CCCOOCOC(C)CC1,8.128,7.027293,0.1354216036834116
CCCC(C)N(N)SPSCC(C)C,6.953,6.4099336,0.07810534056563802
CC1=C(C)OCC=CC=CC=CC(C)C1,5.08,4.438214,0.12633586117601772
C=C1C(CCCC)C1CCNOCCC1N=C1CCC,3.965,5.1603765,0.3014821056159117
CCC1=CC=CC=C(CCNO)N1O,6.286,4.0056186,0.36277146480510536
COC1=C(C)CSCC(C)(C)C=CC1,7.897,5.42808,0.3126402327542488
SCC1CCCC1CC=CC1CN1,7.897,5.4102893,0.3148930875563963
CCCCCCC1C(C)C1CCCCCCO,7.744,9.304998,0.2015752063309851
C=C1OCC1OCCCCCC(C)COO,7.744,7.1678925,0.07439405267888846
O=C(O)C1=C(O)OCCC1C1CCO1,4.547,5.962713,0.31135094892016507
C=CCOC(C=O)C(CO)(CCCC)OC,4.92,6.723571,0.36657943570516943
