SMILES,des_gap,pred_gap,Err_pred_des,AE,DFT_gap,RE_dft_des,RE_des_dft,RE_dft_pred,RE_pred_dft
C=C(C)CC(CCCC)C(CC)CCO,8.5081,7.3708506,0.133666674927503,1.1372494,7.2500469999999995,8.909780091912427,10.455835665617082,1.6389370312294804,1.6662457498551437
COCCCOCCCOC1=CCO1,8.7283,6.735646,0.228298091148722,1.992654,7.114219200000001,12.764006736707032,15.65991669191188,5.620443829738096,5.321359791669067
CC1CCCN(C)C(C)CC1,9.6055,7.9822373,0.168993041588696,1.6232627,7.2122112000000005,19.71046587892352,26.25115581751126,9.646745280298793,10.676699262495251
CCCCCC(C)OCC(=O)CCC,9.444,6.933292,0.265852190588855,2.510708,6.3588642,27.37331427361288,40.654049507772164,8.285065737891893,9.033496893989332
C=C1CC1C(O)C(O)CCCO,6.8973,7.5977135,0.101548935157088,0.7004135,6.9391945999999995,7.856619256810622,7.809185809546243,8.66732998026315,9.489846271208489
CCCC(COC)C(CC)NN(CCO)OO,6.4751,8.393,0.296196143541853,1.9179,7.293871199999999,20.36680823462184,18.080538630843918,13.095779816513781,15.069210435193892
CCOC(CO)CCC(C)O,10.4097,8.996402,0.135767429723796,1.413298,8.3290478,15.184416457726938,18.977585889229754,7.418012223108751,8.012370873895094
CCCOCC1=CC=C(CC)C=CO1,5.983,4.8275633,0.193119958912312,1.1554367,4.561255399999999,15.406060504763502,20.208133927339397,5.516404103908905,5.838478152308686
CCC=CCC=C(CCC)C(C)=O,6.8302,4.46108,0.346859524712263,2.36912,5.295650999999999,15.14668677344734,19.535822885609345,18.707824114340017,15.75955439661714
COCC(=O)COCCSC(C)CO,7.2693,6.7903166,0.0658912712742528,0.478983400000001,5.6688372,15.138497516954875,19.412496093555145,16.515863192593997,19.78323526383859
CCCCCOOCCCC(C)CCCCOCC(C)C,9.6913,8.985222,0.0728569064219487,0.706078,7.685294799999999,15.539764531074269,19.59593274157812,14.467391011596606,16.914474120107936
CCCCC(CC1NCC1CC)NCC,9.1227,7.7654505,0.148777173687604,1.3572495,7.744362199999999,9.62804652131497,11.341641536342408,0.2715656998908256,0.2723051873787698
C=CCC(C)CCC(CO)CCCCO,6.2531,7.364381,0.17771678631188,1.111281,7.465084999999999,27.37818042251043,22.933228489695693,1.3674469042272455,1.3490000448755703
C=CCNCCCCC1=CC(=O)C(C)CC1,5.4036,4.930735,0.0875092325048908,0.472865,5.015829399999999,2.076937597157441,2.2375043297923867,1.725795444289728,1.6965170306629473
CCC(CC)C(=CC1CCC(OC)C1)OO,9.9229,6.3294454,0.362137544257116,3.5934546,6.4957807999999995,29.49862640961816,45.061853072382014,2.627961685237058,2.560668303339292
CCOC(P)N(C)C(CC)OC,6.4674,7.7928133,0.204937579411576,1.3254133,6.85944,13.792868849924245,13.004560139020102,11.977359960619093,13.607135567918075
CCCCCNCC1CCCC(C)C1,7.1949,7.6631236,0.0650771529327021,0.4682236,8.0756296,19.190393195179915,17.097485501316203,5.3830007387587955,5.108035167932909
COCCCCCC(O)OCCCOC(C)(C)C,10.4747,8.67724,0.171600105806935,1.79746,8.841055999999998,10.822687045929737,12.822495412312765,1.887881400076509,1.8529008299460934
CCCCCCC1CCC(CO)CCCN1,9.5689,7.6383715,0.201750309064748,1.9305285,7.2524968,18.982361608962357,25.04521201581225,5.0517927806993885,5.320577321730077
CCCCCCCCCC1CC1CCC,8.2192,9.851069,0.198543587013142,1.631869,9.561024999999999,22.408811076503774,19.26388645568857,2.944289599433338,3.033607798327081
CCCCCCCCCC(CC)C(C)CC,9.4757,10.013958,0.0568040331896242,0.538258000000001,9.9853848,10.655516742826393,10.111626344134486,0.2853337311780247,0.2861502142611499
COCOC1CC(OC(O)C(C)C)CCO1,9.2781,8.6533575,0.0673351757581466,0.6247425,9.0435728,2.861284099115115,2.9354858513440565,4.509409209084445,4.314835614526148
CCCC=C(CC)CCCCC(N)CC,9.0593,6.378405,0.295927379141134,2.680895,6.928306599999999,18.003525658715365,23.54101072836473,8.621302661088457,7.937027498176817
CCC1(C)CCCCCC1C(C)C1CCC(C)C1,8.6248,9.121371,0.0575748155581664,0.496570999999999,9.3130508,13.777140339486118,12.758985487333527,2.10143628627757,2.0581848431450553
COC1C(C)CC(C)OCCC1(C)C,9.1631,8.956978,0.0224948058802937,0.206122000000001,8.2302392,4.723955866464409,5.259395133983472,8.113660656529465,8.830105448211027
C=NCC(CO)C(CC)CN,7.534,7.1170926,0.0553367919557317,0.4169074,5.798948799999999,16.393034244757114,21.297846257928697,18.520818458930847,22.73073699150442
CCCCCC(C)CCCCC(CC)CCC,10.4078,9.83597,0.0549424542240668,0.57183,9.8797712,0.2693057130229205,0.28369887756104634,0.44531652699226165,0.44334225067884936
C=C(C)C(C(CC=O)CCCCCCC)C1CCCC1,5.7995,6.587267,0.135833592895434,0.787767,6.0711488,13.305436675575471,12.710095328251542,7.8350885124286025,8.501162086490126
CC1CC(C)(C)OO1,6.3221,8.259653,0.306473021848858,1.937553,7.6376598,28.71766976162984,23.771153043501624,7.5305003733207725,8.143766759551143
CCCC(CN)C(CC)CCCON,8.6864,7.7609057,0.106545203692524,0.9254943,8.3532736,1.9210904402283895,1.9977030322579026,7.632716114563784,7.09144616070039
CC1CC2CCOCC2CC1OO,9.1631,8.723944,0.0479266066803649,0.439156000000001,7.4370484,13.380314522377798,16.485728397303422,14.751305143636861,17.303848661251138
CCC1CCCCCCCCC(C)C(C)CC1,10.4747,9.732974,0.0708111876780052,0.741726,9.6963084,2.657752489331445,2.871109173879008,0.37671527736538657,0.37813978771550794
CCCCCCC1CCCCC(C)CC1,8.2862,9.772455,0.179365114944619,1.486255,9.498418999999998,20.663500760300252,18.02635786018704,2.804167427734406,2.8850696100056488
CCN1CC(OC(C)=O)CC1CN,5.983,6.695509,0.119088911400498,0.712509000000001,6.2848258,13.401734915594194,12.758122906127333,6.133711417608433,6.534520018040918
CCC1C(N)C1CNOC1CCCCCN1,5.958,6.9013762,0.15833773873884,0.943376199999999,7.614795,36.19998321584424,28.323743449429696,10.337341123354504,9.368851032759258
CCCCCC(CCC)CC1CC(CO)O1,8.0616,8.247333,0.0230391700080643,0.185732999999999,8.3227872,9.44213555621713,9.1458207654282,0.9148921233082397,0.9065977320674634
CCN=CCC(=CCC=NN)CCO,3.4055,3.8550127,0.131996081414823,0.4495127,5.8574718,86.68247834385554,50.396688209408026,51.944293205571014,34.18640615563868
CCCCCNOCNOCCC1CCCCC1,9.2616,8.341144,0.0993841660087607,0.920456,8.3889318,4.023799343525953,4.4423796603043035,0.5729166167134874,0.5696529801327035
CCCCCC1OCCC(CNCO)CCCC1C,10.5637,7.551732,0.285124334911683,3.011968,8.088423,18.698722985317644,24.42103979972363,7.106859724365222,6.6352983764573175
CCCCC(C)OCCC(CC=O)C(=O)OCC,8.2192,6.210068,0.244443714003724,2.009132,5.9704348,21.2765865291026,29.29041616868509,3.858785443251187,4.013664130458306
CC(CCO)CCCCCC(O)COO,10.3278,8.613592,0.165979962060928,1.714208,7.921292199999999,18.459960494974737,24.068141306540884,8.037295010026032,8.739733146064244
CCC1CSC1NC1COC1CC,6.9089,7.2478557,0.0490607279450507,0.3389557,5.9402206,6.783705076061314,7.889932572537796,18.041682314398173,22.013241393762375
CCCC(C)C(CCO)CC(C)O,8.272,8.474446,0.0244736819018247,0.202446,8.8307124,12.798747582205019,11.988980639885852,4.204008144013179,4.0344015733090695
CCCCCC(O)CC(CC)SCCN,8.1876,6.5665727,0.197985653162317,1.6210273,6.8980924,9.642723142312759,11.445303342123967,5.048595593862842,4.805962007699408
C#CCCP(C)C(C)CCC(C)CCCC(C)C,8.6753,8.296952,0.0436120655631933,0.378348000000001,7.198601200000001,11.258386453494397,13.567897051999484,13.238003546362552,15.257836480787388
CC=CC1CC=C1C1C=CC=C1,4.5117,5.0208354,0.112847795648577,0.5091354,5.369145,30.08721767848038,25.282330799410325,6.937283783491477,6.487245175907887
CCC1COCCC(CN(C)C)CC1NO,8.2192,6.5249257,0.206136155736477,1.6942743,7.3937686,3.9594048082538578,4.401427980854056,13.315751626106637,11.751015578172137
COc1ccc(O)c2c3ccc(c1-3)CC2,3.6632,3.6951437,0.0087201626026414,0.0319437000000002,3.6711613999999995,13.866602970080796,13.836531403931184,0.6490221205741084,0.6532619350377941
CCCCC(O)CCCCCCC(C)C,9.2286,9.195616,0.0035741316740765,0.0329840000000008,9.0128142,3.0797108987278587,3.153445679596937,1.98792337566075,2.0282432983029874
CCC(C)CC1CCS(=C2C=CC2)CC1CC,6.9355,5.051817,0.271600181629642,1.883683,4.495927399999999,27.965865474731466,43.14065658622515,11.003755678402454,12.364292181408457
CCCC(CO)CCOCCC(C)N,9.9585,7.9789186,0.198783094602733,1.9795814,8.396009,10.6691871265753,12.654714877032665,5.227405127306341,4.967722164185381
CC1CCC(CCC=O)C1C1OCO1,8.7242,7.074265,0.189121638292984,1.649935,6.182206399999999,23.40608422548773,33.03017511676739,12.609912125146575,14.429453536200288
C=CCCCCC1CC2CCCCCC12,8.3631,8.155205,0.024858632211833,0.207894999999999,7.4884942,4.479269648814428,5.0024182431763045,8.175279468756463,8.903135693154447
CCCC1CCC(CC)CN(C)C1,9.2605,7.9571195,0.140746237797714,1.3033805,7.2097614,16.74573295178447,21.508875453215424,9.392319670453617,10.365920015050714
CCCCCC1=CCCCCCC(=O)O1,6.4751,6.2486324,0.0349751461706733,0.2264676,6.7987394,12.720103164429883,12.114589948836683,8.803638376935083,8.091308809394866
CCCCC(CC)C(C)(C)F,8.7543,9.728599,0.111293717906118,0.974299,10.1568708,21.73298607541436,18.731859816509623,4.402193984971517,4.216572293112158
COCC1CCC(OC2CC2C)C1,8.7325,9.160878,0.0490556176876633,0.428378,8.600159,4.210237618093327,4.27502561289855,6.120799774868748,6.519867830350585
O=C(S)CSC1SC1C1CCC1,4.6343,5.8151326,0.254802800412239,1.1808326,5.5316484,30.152307791899542,25.260976456855072,4.874939567156219,5.124768956754377
CCCCC(C)CC1(C)CCCCOO1,7.5181,8.693382,0.156327032519333,1.175282,7.728846799999999,9.453808808076495,9.196026501650922,11.095051385065112,12.479678080823149
CCCCCCC1CCCC(C)C1,9.7726,9.736602,0.0036835816948603,0.0359980000000011,9.8269644,5.672639829728005,5.641257843571704,0.9280691559539977,0.9195352330776742
CCC1CCCCCC(C)C(OC)O1,9.6644,9.08063,0.0604041324418279,0.583770000000001,8.6755584,5.05816812218038,5.634698972229852,4.460831462134229,4.669112710946646
CCC(C)NNCC(OC)N(O)CN,7.4767,7.7593565,0.0378049806356095,0.2826565,7.641742799999999,8.894870731739928,8.702763458618358,1.515766159216948,1.5390952440849044
CCCCOCCCSCC(N)OOCCC,8.7257,7.612293,0.127600906910501,1.113407,6.736949999999999,17.061668404827127,22.098278894752085,11.499071304796082,12.993164562598816
CCCCC1CCCOCCC1C1CO1,10.3278,8.511373,0.175877479596512,1.816427,8.543541399999999,12.434967756927914,15.031923412930395,0.37794607286037146,0.3765230188970348
CCCCCCOCCCCC(CCC)OO,9.6763,8.679337,0.103031474029168,0.996962999999999,7.7302078000000005,14.944681334807717,18.707028807168662,10.935503483733836,12.278184811538956
CCOC(COO)C(C)CC(C)=O,10.1862,6.4960985,0.362264777996546,3.6901015,6.193366599999999,34.289856865170535,56.39636122944831,4.660211048216114,4.888002270041649
CCC1CCC2CCC2(C)CCC(C)C1,10.3445,9.157047,0.114790732106094,1.187453,9.352792,4.753327855382079,5.25733919881891,2.13764328172609,2.092904450350232
C=CCOCCCCCCC(C)CCCCC,8.0495,8.170555,0.0150388365421571,0.121055,7.0984316,5.603682216286732,6.3544797698691715,13.121794051934055,15.103665998556648
CCC(C)CCC(C)CCCCC(C)CCO,8.7308,8.956487,0.0258494870991583,0.225686999999999,9.190560800000002,10.992816236770988,10.442897021039252,2.6134554764608344,2.546893547562436
C=C1CCOC(CC)CC1C(C)C(C)CCC(C)CC,8.7463,8.020191,0.0830189688637534,0.726108999999999,6.98193,14.456055703554641,18.10917611605959,12.94558945042581,14.870687617893624
CN=CC(CNCCC=O)OOC,9.5689,6.3626533,0.335069521526754,3.2062467,5.497351200000001,37.324549321238585,64.96853975783824,13.59970533047902,15.740346005181532
COOCOOCCC1CCCCCCC1,7.245,8.830659,0.218862513824526,1.585659,7.289788199999999,7.519505866114552,7.4733062889261905,17.449103175652024,21.137387777603763
CCCCCCCCCC(O)CCC(C)C,7.668,8.541544,0.113920704299855,0.873544,9.0049204,23.955665101721433,20.399074266109,5.424972346919943,5.145813393308836
CC=C1C=CC(CC)=C(CS)C=C1,3.1987,3.770505,0.178761669264717,0.571805,3.2438073999999997,17.041529371307078,16.804555042324633,13.968887456719997,16.237018264401282
CCCC=C(C)C1CC12CC1C(OC)CC12OC,6.3781,7.4449553,0.167268520244039,1.0668553,6.6196318000000005,11.626217839168415,11.202009755285793,11.085674349179769,12.467815808123945
CCC1CC(O)CCC1CCO,8.5481,8.885447,0.0394645065525572,0.337346999999999,8.8617432,9.518409939050779,9.181525368507627,0.2667710470840671,0.26748461860190026
CCC1=CCCCC(CC(C)CO)CC1,4.8214,7.1185274,0.476444064465622,2.2971274,6.914424400000001,53.781565520388284,37.50166680541045,2.867208181287594,2.9518436849204543
CCCCCCCCC(C)CCOC(C)CC,10.4078,9.299546,0.106482999119866,1.108254,8.879164,9.883318280520385,11.584829382586024,4.520457235224172,4.734477254840659
COC1CCC(C)CCCCNC1,10.4097,8.025324,0.229053299538137,2.384376,7.552188999999999,22.64725208219258,31.216260610003292,5.8955252149321336,6.26487234363441
CCCC1COC1OC(C)OC,8.7489,9.361687,0.0700415716882086,0.612786999999999,8.8946794,7.381263930322652,7.260288662006172,4.988498333687086,5.250415208894438
CC#CCCCCC(C)OCCCC(C)C,8.0823,7.772169,0.0383716128875222,0.310131,8.2729746,8.545520458285383,8.348564251605456,6.443575789461084,6.053513085849431
CCCCCCCCCOCC1CCC1CCO,7.9923,8.473579,0.0602178855571339,0.481279000000001,9.009275599999999,18.980463696307677,16.837930898684007,6.321963836060274,5.946056306680172
CCCC(CCC)C(C)OC=O,6.8523,7.512356,0.0963261685044963,0.660056,7.6754956,19.31024035725231,17.239220357314778,2.171617000046324,2.1254601461826135
CC(C)CC1NCCCCC(C)O1,8.7308,7.6106706,0.128296311156041,1.1201294,7.9354466,3.382890456773728,3.7219505704946796,4.267376911569396,4.092724913554329
CCCCNC(C)C(CC)COC,9.2669,8.263783,0.10824726123137,1.003117,7.959128,8.716744542403609,10.149001247372826,3.6866287510211766,3.827743441241306
CC1CCC(C)(C)C(C)(C)C(CO)C1,9.6398,8.497676,0.118480062274018,1.142124,8.741703000000001,4.129722608352852,4.553998231237073,2.871691036466922,2.7915270056646952
CCCCC(CC)P(O)OC1(OC)CCC1,5.9161,8.972469,0.516618943194669,3.056369,7.0001674,26.77553455823937,22.628993129507155,21.981704255539924,28.175063356342033
COCCC(C)C1CCCCCO1,8.7308,9.076453,0.0395900958587231,0.345653,8.6292844,4.56412241718971,4.61781512265373,4.926688872844945,5.181989366348863
CCCCCC1CCCCC(CC)CC1,9.3621,9.622313,0.0277942497704967,0.260213,9.639418599999999,8.302823084564352,8.0639573013252,0.17777014736476504,0.1774546859081205
CC1CCCCCCCCCCCN1C,6.9089,7.6397696,0.105786674309685,0.7308696,7.423710600000001,14.688454023071698,13.669856688648402,2.8280826688804797,2.9103909303792035
CC=CCCCCCOCNN=O,6.1983,5.525932,0.108476221677789,0.672368,5.208546999999999,7.901408450704231,9.402871856584962,5.743556019147552,6.093542018532245
CNC1(CCO)CC(C)C1C,8.3771,7.6989727,0.080950125696677,0.678127300000001,7.6567137999999995,2.6308173472920338,2.878339268734336,0.5488901136121733,0.5519195454321436
CCC1CCC12C=CC(CO)C2,7.8315,6.6491513,0.150973462909298,1.1823487,6.855356999999999,6.07984421885975,6.945560967867922,3.101233385981141,3.0079498412701056
CCCCC=C=CCC(C)CCCCCC,5.4036,6.6302853,0.227012595873404,1.2266853,7.353210799999999,45.33294100229476,33.313485314469695,10.903384504434518,9.831426293395529
CCCOCCCNC(C)CC1CCCCO1,10.0143,7.3792815,0.263125578338625,2.6350185,7.9506898,15.613774302747075,19.66634643449428,7.743413772736544,7.1869021980960675
CC(=CCC=CCCC1CO1)CO,6.1983,5.9326406,0.0428600499296981,0.2656594,6.7990116,17.758282109610708,16.189288454810114,14.603463422341814,12.742602174704334
CC#CCCC1CCC1CC(C)(C)N,8.5257,7.682297,0.0989247534200306,0.843403,7.798802199999999,2.661339244871406,2.9093929321608067,1.5165412115673067,1.4938858174912921
COCC=NCC(CC(C)=O)C(N)CO,7.2693,5.2055836,0.283894794218467,2.0637164,5.8914968,12.075484572104612,14.899493792477333,13.1764899520584,11.64242675986856
CCCC(C(C)OCC)C(CO)OC,9.0528,8.276594,0.0857420729512079,0.776206,8.383759999999999,1.8672675857193437,2.0162790919587485,1.2948079850237844,1.2782570111739773
C=C(C)OCCCCCCCCO,10.2149,7.4745865,0.268266308351878,2.7403135,6.984107600000001,26.733422745205527,39.100090611433295,6.56195362780268,7.0227855596039115
CCCC(CCC)CCCC(C)OCC,9.4283,9.060233,0.0390385206081794,0.368067,8.998659799999999,0.7462617863241362,0.7818919879602353,0.6795984165087315,0.6842485588798629
CCC(CC)CCOC(N)CCCCO,8.6248,7.585827,0.120463445670706,1.038973,8.591992999999999,5.416856043038658,5.43753934622617,13.263761485728566,11.710507678486222
CCC(CCCN)C1CC(C)C(C)C1,6.9089,8.128308,0.176498182952947,1.219408,8.2999224,27.37081735153208,22.783615422717684,2.1113176321566467,2.067662704894678
CCC1CCC(C)CN(CC)CC1,9.6644,8.060186,0.165992054746451,1.604214,7.229632,20.019535615247722,26.761638766675826,10.304402404609526,11.48819193010101
CCCC(C)CCC(COC)C(C)CC,10.3278,9.219351,0.107326747727557,1.108449,8.945036400000001,8.547450570305378,9.86875358047731,2.9754220226564594,3.0666683480460573
C=CCC(C)CCC(C)COCCO,8.8376,7.49695,0.151698407991295,1.34065,7.468079200000001,9.838879333755763,11.643165219779661,0.3851006075804039,0.38658936557607854
CC(CO)COCC1CC(C)C1O,10.208,8.898578,0.128274129102223,1.309422,8.702233999999999,9.852723354231987,11.55756096652884,2.206464898099467,2.256248223157429
C=CCC(O)CC(C)CCCCCC,8.2988,7.620619,0.0817203908769425,0.678181,7.342322799999999,5.500520557189004,6.217067982900467,3.6518844466571636,3.7903018919299045
COC(=COOC(C)OO)CO,6.0324,6.732969,0.116134342421003,0.700569,5.1723444,5.968695709833565,6.961168324367571,23.178847251487415,30.17248039399696
CCC(CC)OC(C)CC(C)C,7.1034,8.838314,0.244237133822745,1.734914,8.6241126,28.447118281386384,23.430962624490785,2.4235549902390923,2.4837500382358217
CCC(C)CCCCCOC(CC)COO,10.4078,8.42735,0.190285166485666,1.98045,7.712787,21.090076673264285,28.459401251454246,8.479094851881088,9.264653620020894
CC=CCC(CCC)C(C)CCOC,8.905,7.6086445,0.145576138632944,1.2963555,7.1768252,13.791968556990453,17.113065537669772,5.6753775261809105,6.016856868688956
CCCCCNCCCC=C1CCCCN1,7.0605,6.0518637,0.142856218348683,1.0086363,6.238823999999999,4.5559946179449184,5.156035817006554,3.0893012345932225,2.996723420952396
C=CCSC(OO)OC(CO)CCC,6.9779,7.2798553,0.0432730837805437,0.3019553,6.400783,1.105160578397517,1.2048057245496422,12.075408971384372,13.733824439916189
CC1(C)CC1C1=C(CO)CC1,7.9923,6.6448135,0.168598083455619,1.3474865,6.330010999999999,14.54260976189584,18.36156366868875,4.737567126601834,4.973174612176832
CCC(C)CC(C)CCCCCOO,8.7262,8.116713,0.0698456865313161,0.609487,8.070185599999999,1.7878847608352073,1.933219478868019,0.5732295819748982,0.5765344479810008
CCCOC1C(C)CCCCC1CC(C)CC,7.5964,9.330958,0.228339524826766,1.734558,8.386482,16.982807645726936,15.382874487776885,10.121961753551991,11.261885496206869
COCCONCCCC(C)(C)C(C)CNON,10.0381,7.4263763,0.260181075823768,2.6117237,8.055759,14.767147169285021,18.401009762084488,8.47496375856957,7.812829306338482
CCC1OC2COC(C)C2C1CCN,6.0557,8.58274,0.417299375797528,2.52704,8.5002616,48.624628036395464,34.640835053829406,0.9609798269550215,0.9703042551066828
CCCC1CCCC(C)CCCN(COC)CO1,9.2781,8.510584,0.082723415617047,0.767516000000001,8.0260892,8.105224129940405,9.369579396152249,5.6928502203844085,6.0364990710544335
CCCCOCCOC(C)CC(C)CCCO,10.6942,8.226083,0.230790259970933,2.468117,8.8647374,12.431622748779724,14.997202285992154,7.763772867353759,7.204436760867841
CCCCC1CCCCCC(C)OC1,10.6754,9.092531,0.148272551452533,1.582869,8.553885000000001,15.189266912715201,18.956474163494114,5.924049090401762,6.2970919061923105
CCCN1CC(C)OCC(NC)N1C,9.0593,7.6207876,0.158788469247687,1.4385124,7.6727736,9.785815681123267,11.554184265257092,0.6821604633095969,0.6775385631083956
CCCC(C)(C)CC(C)(CC)CO,8.826,8.605408,0.0249934608153468,0.220592,8.700600799999998,4.244287332880102,4.30545899772804,1.1061974051665853,1.0940945595388971
CCCCCC(C)C(C)(N)CCCC,6.9089,8.281934,0.198734065406195,1.373034,8.2672584,26.898035866780518,22.478532907596062,0.17720015638859649,0.17751471273717953
CCCCN1CC1CC1CN1,7.9809,8.061977,0.0101589277493277,0.0810770000000005,8.2996502,10.258870553446355,9.864875992002652,2.948075887589355,2.8636532175777685
CCCCC(CCC)N[PH](=O)COCC,8.5755,6.9133286,0.193827922848402,1.6621714,8.259909,2.1504168853128154,2.2325790756290473,19.478032622375284,16.30260575509973
CCC1(CS)CCOCC(C)C1=O,4.6343,5.50848,0.188632602986748,0.87418,5.804665,36.04352329370133,28.77625151494531,5.376891628906711,5.102533910225661
CCON(O)C(C)CNCCCCCCN,8.0823,8.077678,0.0005719007280594,0.0046219999999994,7.8671244,3.5240513220246683,3.62043849211282,2.6066104640467316,2.676373084935593
COC1(C2C(C)C2O)CCCO1,8.5257,8.424767,0.0118387298958041,0.100933000000001,8.2441214,2.5619174965105342,2.6494199854941325,2.144220724442588,2.1912049960836346
CC(CO)NCC(C)N1NCC1C,9.2669,7.5138626,0.189171933455278,1.7530374,7.173286599999999,17.196833892671776,22.21594491986422,4.5326354517049765,4.747837622994198
CC1CCCCCCC(C)C1O,9.3562,8.427294,0.09928242475943,0.928906,8.4822964,3.9963190184049107,4.408046858631352,0.6526697656448125,0.6484376094190643
CN(N)C=C1CC(S)CC1CCO,5.3699,5.2156343,0.0287278448372781,0.154265700000001,6.0390292,21.771898918043156,19.35955534045107,15.78705201781498,13.63455735567565
CC1(C)OCCCCC(C=O)C1O,7.3339,7.2013254,0.0180769554309519,0.1325746,5.9960216,11.424731725275777,13.973905631027083,16.7372495068755,20.101725450755552
C=C(C)CCCC(=O)OCC(C)C,8.305,6.618228,0.203103195824299,1.686772,7.091898799999999,8.586408187838659,10.055151943228527,7.157063794115266,6.6790405977028175
CCCCCC(C)OC(C#N)CC,9.6644,8.336182,0.13743412517849,1.328218,8.100672000000001,11.006663631472199,13.131355028323565,2.8251542492714248,2.9072896668325745
CCC1(C)C(COF)CCN1C,8.2988,7.437354,0.103803671876706,0.861446,5.059925799999999,33.00325589241819,54.12874236219039,31.96604867806482,46.98543603149281
CCCC(CCC)OCCOC(C)CCO,10.4157,8.335164,0.199749986066285,2.080536,8.8364286,10.36196703054043,12.213886954283767,6.013854076536453,5.672705825971354
CCNCCC1CC=C(CNC)C1,4.7301,6.814562,0.440680290875895,2.084462,6.5630142,49.320610557916304,35.54638355041194,3.6913274837032812,3.8328090163205806
CCCCCC1OCCC(C)C1CC,10.5955,8.789233,0.170474898994607,1.806267,8.6951568,13.216395639658346,16.104864261907274,1.0703573337969303,1.0819379358403283
C.CCCCCC(C)(CCOCC)COC,7.3339,8.3426,0.137539354064606,1.0087,8.7923322,26.70383015857867,22.274319889778514,5.390791839474523,5.115050134252224
CCC(OCCCC(C)C)OOCC(C)C,8.5481,8.452286,0.0112088339395231,0.095813999999999,7.129190200000001,10.749871901358183,12.889399415939257,15.653703625267765,18.55885118621186
CCC(C)CCCONC(C)(C)CC,9.7484,8.059576,0.173241143721442,1.688824,8.2825016,9.90827622994543,11.661916250037313,2.7659718079462237,2.6915249856396035
CCC[SH](CC1CC(OC)O1)OC,10.0381,5.9653764,0.405726544156194,4.0727236,6.2205866,33.04921648519142,53.33119870077848,4.2781910626796265,4.102670960323897
CCCC(C)OCN(C)C(C)CC,10.4223,8.078756,0.224858588565148,2.343544,7.836638,20.011532962973625,26.61424452679836,2.9969713158808173,3.0895646832225823
C=C=C([N]CCNC)P(C)COO,2.4744,4.8700347,0.968167917342237,2.3956347,5.5373646,143.99307306821854,64.34404915291292,13.702775054149004,12.051398963326351
CCCC1C=CC(C)=C2CCCCC(CC1)C2,5.9487,5.9525023,0.0006391733776097,0.0038023000000002,4.4507422000000005,16.776065358817878,22.42227824383985,25.22905535038599,33.74179030185121
CC(C)CCCOC(COO)C(C)O,10.4978,8.515746,0.188806595987904,1.982054,7.59438,22.89451123092457,31.647349750736726,10.81955708871542,12.13220829086772
C=C(C)C(O)CCCCCC=CC,6.8553,6.363382,0.0717573464851456,0.491918,7.086999199999999,10.673481831575563,10.32452776345734,11.37158196694776,10.21048795941729
CC1CCC#CCC(PCCO)O1,9.9664,7.946836,0.202637261727358,2.019564,6.9340228,25.409146733022958,36.52103941740717,12.744860973600062,14.606430195181938
C=C(CC)CC(CCOO)C(O)CC,9.4969,6.6247587,0.302429348482352,2.8721413,7.130279,19.655055860333377,26.178793284245966,7.630773027250029,7.089768857572048
C=C1CCCCC(C)C(C)(C(O)CO)CC1C,7.0605,7.8549953,0.11252676874186,0.794495299999999,6.902719799999999,4.846962679696888,4.957753029465266,12.123183574661093,13.795656315065852
CCCC(CCOC)CCOC1CCCC1,10.5162,8.63677,0.178717573989361,1.87943,8.860382199999998,10.990831288868614,13.04478490781133,2.5890720720824802,2.523730861181113
CCC1CC(C)N1CC(CO)CCCCCO,8.905,7.9052305,0.112270575838769,0.999769499999999,7.952595199999999,5.080345873104998,5.688769371789477,0.5991564698840757,0.5955879660516263
CCC1C(C(=O)ONC)CCOC2CC21O,7.9523,6.979764,0.122296192965535,0.972536,6.9851964,5.873817637664572,6.687050345499229,0.07783071175472572,0.07777018266802226
COC(CO)C(C)C(C)C,9.1816,8.701631,0.0522751380645866,0.479968999999999,8.035344,7.038598937004437,8.04266749500705,7.657035790186925,8.291953648779698
CCCCCNC(CCC(C)C)NNNO,8.7128,6.6042385,0.24200733287441,2.1085615,7.869302,3.942452483702133,4.36503771236635,19.15532729473656,16.075930241335257
COCCC1CC2CC(C)C(C)(C1)C2,8.6117,8.292585,0.0370559386735715,0.319115,8.6867186,6.677178721971271,6.619514531068152,4.752843654903748,4.537197740007371
CONC(C(C)O)C(N)COC(C)C(C)C,8.8021,7.817788,0.111826936289695,0.984311999999999,8.029627799999998,3.0955362924756713,3.3933353673006006,2.7097153312420104,2.6382268926586883
CCC1CCNC2(C=O)C1C2(C)C,6.2214,6.3619046,0.0225840841489484,0.1405046,5.2333172,7.845224547529493,9.32645168154531,17.739772457449295,21.56543081317524
CC(CCCCO)COC(=O)N(C)C,8.2862,7.6672335,0.0746984785423896,0.618966499999999,8.135513600000001,4.215606671333086,4.293688354230052,6.107549743985248,5.755999227879124
CCCCCC(C)CCCCCC(C)CC,9.8374,9.966385,0.0131116847637904,0.128985,9.9535374,6.263213857320019,6.190134976536076,0.12890932870845973,0.12907571935180176
CC(C)CCCCCCCCCC(C)CO,10.3445,9.094591,0.120828349292177,1.249909,9.139114999999999,6.8189375996906705,7.71830751664687,0.48956572098733325,0.4871806515182173
CC#CC#CCC1(C)NC1C,7.4574,6.8173795,0.0858235477995155,0.640020499999999,6.0934691999999995,11.584879448601395,14.177979270002716,10.618600592793769,11.880101076083243
CCC(COOO)CC(C)C1CCC(C)C(C)(C)CC1,9.7408,8.572608,0.119927727283222,1.168192,8.0919616,11.794086727989495,14.197279433456538,5.606769841803115,5.939800801822901
CCSCCC(O)(ON)C(C)C,10.2752,7.8954954,0.231596911521539,2.3797046,6.773969200000001,29.208490345686695,44.30535054691419,14.20463369530934,16.55641126918615
CC1CCCCCCC(C)(C)CCN1,6.8479,7.7893834,0.137484982462868,0.9414834,7.7963524,21.151774996714316,18.578590675300923,0.08946792887354577,0.08938795532125743
C=C1NCCCCCCCC1O,6.9779,7.0677733,0.012879711966719,0.0898732999999998,6.0676102,5.8798463721176875,6.761967009680355,14.151035376304444,16.483641285987684
CCCC(C)CCCCCCCCOCO,10.5547,9.023464,0.145076202745615,1.531236,9.208253800000001,8.019614010819815,9.192255322067675,2.047880946829297,2.006784391629179
OCCNSC1CC=CC=CNCC1,5.3401,5.076118,0.0494339071550863,0.263981999999999,4.439854199999999,7.495099342708947,9.014841072934344,12.534456448805976,14.33073635616235
Oc1ncc2c(cccnc[nH]o1)C=C2,2.7697,3.521774,0.271536286808538,0.752074,3.5742582,47.10106509730297,36.498711816622546,1.4902773431798824,1.4683941971511703
CC1CC(CCCC(=N)O)C1O,5.1489,7.4028974,0.437762892645162,2.2539974,7.9403462000000005,63.92523063178543,41.45217496939869,7.259979045501845,6.768581450516614
CCC(=O)OC(CO)C(C)C,8.7262,7.098004,0.186587075211624,1.628196,7.3229966,10.350477871238347,12.3337951570263,3.169800975034662,3.0724116408848166
CCCCCCOC1CC(CCCCC)C1,7.6569,9.033663,0.179806814248653,1.376763,8.8813416,22.52140683566457,19.416453928537106,1.6861532248878437,1.7150719661543017
CC=C1CCC(CC(O)CCCC)C1,7.4532,6.9258366,0.0707566463921065,0.5273634,6.8343976,1.593978425374334,1.7383009733001176,1.3202592738038357,1.3379233306531693
CCCC(C)CCCC1CCC(C)C(C)(CC)C(C)O1,8.5755,8.177123,0.046455242287542,0.398377,8.5476244,5.505502886129091,5.523457488375369,4.530950555592721,4.334554054574511
COC1CCC2(OO)CCCCCCOC12,8.7509,7.703584,0.119680924912483,1.047316,7.3627378,10.149381206504476,12.062933980889555,4.424514615534802,4.629340460826957
COCCCCC1CCCCCOC(C)C1,9.2605,9.244285,0.0017510253418522,0.0162150000000008,8.5065222,2.7425927325738484,2.9856831502773398,7.980744860202822,8.67290747798202
C=C(C)C1C=CC=C(CC)N1,4.8,4.518285,0.0586906671524048,0.281715,4.513076,4.439083333333334,4.721303164404944,0.11528710561639643,0.1154201701899059
CCC(C)CC(OC)C1CC(C)C1CCOO,7.0045,7.7906365,0.112233070091973,0.7861365,7.830377399999999,18.928937111856644,16.93248399496043,0.5101110801408727,0.5075221534021985
CC(CCC(=O)CCON)OCCCO,8.0794,6.4001217,0.207846908329483,1.6792783,6.3180342,15.612122187291137,19.964529473423873,1.2825927981963232,1.2992569745823803
CCCC1CCCCC1COC(CC)CC,9.0735,9.205681,0.0145677905072981,0.132181000000001,8.841055999999998,2.9487628809169455,3.026290072136169,3.960869380548837,4.124224527024849
CCCCCC1CC=CC=C(O)C=C1C,9.7677,5.3210297,0.455242312613416,4.4466703,3.6286982,57.73111172538058,155.40013220168046,31.80458661976647,46.6374277144349
CCCCCC1OC(COC(C)C)C(C)CC2(C)CC12,9.0528,9.057977,0.0005718366380882,0.0051769999999997,8.6418056,0.9831831035701677,1.0299421685671817,4.594529219935088,4.8157921997227024
CCCC(OC)C(NCOCCCO)OC,8.7896,8.022355,0.0872900837750434,0.767245000000001,8.2865846,0.0343064530809214,0.03638893640210549,3.2936662613409675,3.1886430025706876
CCC1CCCC(OC)C(C)C1,9.1631,8.614864,0.0598308051461586,0.548235999999999,8.554157199999999,1.1889295107551072,1.273565559445193,0.7046750825085798,0.7096759923935224
CCCCC1NC(CC)CC(OC)OP1,7.7185,7.305203,0.0535462899568546,0.413297,5.867543199999999,17.502841225626746,23.02423269759651,19.679943185699297,24.501903965530254
CCC1CC2CCCCC(CCC2)C1,10.4978,9.182265,0.12531527732694,1.315535,8.9423144,10.0543504353293,11.803270974234579,2.6131961994126556,2.683316524858469
CCCC1=CC=C(CS)SC=C1,3.073,3.502519,0.139771849101272,0.429519,4.2691848,55.196381386267475,39.73088257973747,21.888983328855595,17.958131023046832
CC1CCCCCCC(C)(O)CC1C,10.5637,9.009374,0.147138439670195,1.554326,8.564772999999999,14.189412800439257,17.50107095657996,4.9348711686294795,5.191042424591995
CCCCCCCCOCCCCOC1CCCOC1,9.0593,8.448829,0.0673861449334287,0.610471,8.644799800000001,0.9437793206980771,0.9890315794242094,2.3195025014709296,2.266921207359843
CCCCCCCCCC(C)CCOC(C)OC,8.5836,9.222054,0.0743806244270505,0.638453999999999,8.899579000000001,9.506256116314837,9.168737082956401,3.496780652119354,3.6234860098438246
CCC(C(C)CO)C1CCC(C)C(C)C1,10.1396,9.3432455,0.0785390443127321,0.7963545,8.4539876,11.69289123831315,14.024297835497181,9.51765529440493,10.518798253264537
CC(C)OOCC1CC1CCCCN,6.9779,7.7235384,0.106857134487837,0.7456384,7.2451474000000005,10.995391163530583,10.58981077458825,6.19393567072832,6.602916042812315
CCCCC(OC(C)OCC)C(C)=O,9.7484,7.195698,0.261858583518954,2.552702,6.1280386,32.008959418981576,50.91941490055236,14.83746816500637,17.422530595678694
C=C(C)CC=C1SC2=CC=C(CC1C)C2CCC,4.6954,3.7355754,0.204418060751847,0.9598246,5.447266399999999,26.66154960173785,22.981552728906358,45.82134789730115,31.42293536442424
COCCC1C(COC)NC(=O)C1N,6.8553,6.4404655,0.060512968026656,0.4148345,7.111224999999999,11.026869721237576,10.630025066004796,10.41476737978022,9.432404402898223
CC1CC(C)C(C)CCCCCCCO1,9.7904,9.145989,0.0658206592141501,0.644411,8.734081399999999,5.682286729857829,6.369514715079264,4.503696647787363,4.716095272480528
COC1CCCCC(CC(C)N)CC1,8.5257,7.728117,0.093550442880263,0.797583,8.2283338,2.376740912769616,2.4626346587932444,6.472686684220744,6.079199169095444
CCC1CC(C)(COC)CCCCS1,8.3254,7.3947444,0.111785091862287,0.9306556,7.0271152,9.588545895692702,11.360064226640262,4.971492997107521,5.231580663427867
CCCCCCC(C)CCCC1CCC1,9.7484,9.805268,0.0058336021971494,0.0568679999999997,9.8174374,5.837238931516958,5.796190765626875,0.12411083511434304,0.12395699105755889
C#CC(CC)CNCCC(O)OCC,8.7257,7.93598,0.0905050777428002,0.78972,7.642831599999999,6.679904191067773,7.626341001677973,3.6939155592630106,3.835599360844228
COC1CC(O)C1(C)CCCC=C(C)O,6.9819,7.2955036,0.0449166582639407,0.3136036,6.943822,6.615992781334586,6.652273056538596,4.820525343857003,5.064668996411488
CCCC1C=CCC(C(C)CC)CC(C)C1,7.8701,7.210419,0.0838211486500765,0.659681,6.9920013999999995,4.804241369232924,5.407587590013932,3.029194281220002,3.123820884818479
C=C(CCC(CC)CO)C(C)CO,8.305,7.3577886,0.11405315318788,0.9472114,7.2266378,6.964024081878387,8.003198942667362,1.7824757835526877,1.8148245924266517
CC1CCC2CC(CCCC1CCCCO)C2,9.7484,9.554421,0.0198985038708175,0.193979000000001,8.784438399999999,4.759361536252114,5.28163075285497,8.058914297370826,8.765302514956455
O=C=NCC=CC=CC=CCNC1=CC(=O)C=C1,2.09,2.9362168,0.404888435984342,0.8462168,3.6303313999999993,97.62351196172247,56.20234560404044,23.639759843346695,19.119868781125586
CCCCCNCCC(CCO)C(C)C=O,6.6454,6.515317,0.019574899449875,0.130083000000001,5.5090558000000005,9.575709513347578,11.550875923238966,15.44454705734194,18.265583732152415
CC1CCCCC(C)CCC(C)CC1,9.2917,9.528654,0.0255016949009053,0.236953999999999,9.664733199999999,9.39583929743748,9.033184692568632,1.428105165745333,1.4079974809858105
CCC12CCC3C(C)C(C1)OC(C)C2C3C,9.2781,8.874699,0.0434788761798196,0.403401000000001,8.019556399999999,8.175635097703205,9.458672801403345,9.635736378214075,10.663215735972638
CCC(CCCC(C)(C)C=O)OC,6.1156,7.7282534,0.263695036392666,1.6126534,6.1555308,8.82874615736805,8.771474265062576,20.350298037587635,25.54974787876944
C=CC(NO)NC(C)C1CC=NC1,6.2158,6.429243,0.0343387959343214,0.213443,6.4045938,11.081337880884199,10.754683614751649,0.3833919483211292,0.3848674993252471
CCCCC(CO)C(CCC)OC,9.7904,8.528496,0.128891997408255,1.261904,8.77845,5.229101977447302,5.831895152333278,2.930809840328223,2.847359157937892
CCC1(C(O)C2CCCC2)CCC=C1C,8.6864,7.121686,0.180133774434692,1.564714,6.9323896000000005,14.43648001473568,18.08915067323972,2.6580278883399227,2.730608216249126
C=CCCC(CCC)CCCCC,9.5498,7.6158934,0.202507553671005,1.9339066,7.483050199999999,16.406100651322543,20.937315107147086,1.7442891204333404,1.7752546949371106
CCC1CCCCCCC(C)SC1,6.8591,7.1421685,0.041269047233763,0.283068500000001,6.8654284,7.381848930617721,7.375044505598516,3.8747349631978087,4.030922527718744
CC(C)CNN1CC1CC(C)C(C)CO,9.9457,7.742227,0.221550310437261,2.203473,8.104755,13.482660848406844,16.545163919205446,4.682477018563278,4.473028487597726
CCC(O)C(N)C(O)CC1CC(C)CC(C)C1,9.5689,8.318041,0.130721310936647,1.250859,7.9084988,12.126798273573755,14.672837783069511,4.923541492522085,5.178507455801838
C#CCCC(CCCCC)CCCCCCC,9.1631,8.671806,0.053616534202484,0.491294,8.592809599999999,0.7671028363763474,0.8180141684973573,0.9109567257385739,0.9193314372984732
CNCCC(O)CC1CC1(CN)CNC,9.2669,7.593234,0.180606884481885,1.673666,7.574781599999999,12.864263130065082,15.737990386415909,0.2430110806541855,0.24360306309030794
C=CCCC(CC)OC(CO)OC,9.2781,7.9155746,0.146853930155025,1.3625254,7.393496399999999,14.923352841637847,18.727318241475054,6.595581829271131,7.061316754005603
CCC1CCC2CCOCC(C)C12,7.9923,8.939016,0.118453554316415,0.946716,8.3990032,11.34470928268457,10.795366764475087,6.04107655697228,6.429486775287827
CCCC(CCC)CCCCCOO,9.8362,8.208338,0.165497063519095,1.627862,8.071546599999998,12.857133852504038,15.668043098456527,1.666493265750042,1.694735925826182
CC1CCCCC(C)C(C)(O)C1,9.8586,8.846298,0.102682103161358,1.012302,8.7242822,6.4341569796928555,7.270716208606823,1.3792865671041326,1.398576951121567
CC(=O)NCCC1C=C(O)C2=C(O2)C1=O,3.4694,4.2473483,0.224231368122221,0.7779483,5.201469799999999,64.3359024615207,42.912289906979744,22.463933555908273,18.34330557874237
CCCN(CC)CC(C)C(C)CCCCCN,7.2534,7.25459,0.0001640657463897,0.0011900000000002,7.680123,12.776394518432735,12.066512476427786,5.865707090269742,5.540705532971278
CCC1CCCCCC1C(COC)COO,9.2605,8.198045,0.114729790301117,1.062455,7.7868254,10.514276766913241,12.50412780540836,5.016069075005087,5.280965976198733
CC(O)=CC(C)CCCC(C)C,9.6506,7.205268,0.25338653491089,2.445332,6.934567199999999,22.96264273723915,31.956324541782532,3.75698447302725,3.9036437630887924
CC=CC(C)(CO)CCCC,10.1204,8.027124,0.206837239149912,2.093276,7.281894399999999,23.106849531639078,32.11397297933903,9.283892960916036,10.234007238555971
C=C1CN(C)CC(=O)CN(C)N1,6.8479,5.696368,0.168158381771308,1.151532,5.130697799999999,17.77482439872079,23.723911394664505,9.930366156119137,11.025209865215615
COCCCC(O)OC(C)(C)C,10.1862,8.765135,0.139508863815616,1.421065,8.872631199999999,7.986970607292225,9.169419777078085,1.2264066668682017,1.211548159468165
CCCOCCCCOCCCCCCOOCC,8.5509,8.125527,0.0497459469883904,0.425373,7.136539599999999,10.693148089674786,12.812377584228656,12.171363162044763,13.85808046241348
CCCC1CC1CCC1CCCCCCO1,6.8723,8.97826,0.306441808460516,2.10596,8.578382999999999,32.10108697233821,25.716769698904784,4.453836266715397,4.661449599534107
CC1CCCC(C(C)C)CCC1,10.1204,9.773867,0.0342410721471105,0.346533000000001,9.6750768,0.5402632307023368,0.5651303977245876,1.010758587159001,1.021079233190168
CC1CC(CCO)CCCCCC1N,9.3621,8.259673,0.117754230504768,1.102427,7.6768566,12.660016449300906,15.439175977313424,7.056167962097285,7.5918625339439005
CCCC(NCNCCC(C)C)NOC,7.6994,6.6398454,0.137615220504671,1.0595546,8.0620196,11.203724965581726,10.699795371373193,21.418784840984397,17.640421018078396
CCCC(C)CC(C)CC(C)C(C)(CC)CCC,10.1204,9.477817,0.063493875565583,0.642583,9.526183399999999,0.9309572744160418,0.9890277779031749,0.5103116044548975,0.507720647074662
CCCCNC(CCC)C1(C)CC1O,9.4485,7.7416897,0.180643522039812,1.7068103,7.765866,12.516632269672428,15.22861713040116,0.31228712253863267,0.31131492611383854
CCCCOCC1CC1C=CCOC,6.4569,7.5502625,0.16933241201999,1.0933625,6.7486546,12.262147470148212,11.732036189850344,10.61695404629971,11.878040105949408
CC(O)CC1CCCCC1CCCCO,8.6753,8.632947,0.0048820250505903,0.0423530000000003,8.6241126,5.173453367606886,5.204159787987927,0.10233353685594937,0.10243836565862528
CC(C)C(C)C(O)C1CC1O,8.7308,8.150195,0.0665007649052622,0.580605,8.416424,2.1260823750400752,2.205497251564309,3.266535340565461,3.163208032294941
CCCCCC1CCCCC(C)CCC1,9.7484,9.196356,0.0566292089263727,0.552044,9.435268599999999,1.9169155964055495,1.9805329124387476,2.5979050832742776,2.5321229328860766
CC1CCC2=CC23C=CC3C2C=C2CCCC1=O,6.9819,4.0193777,0.42431462661524,2.9625223,4.8606754,23.220392729772705,33.353895633516295,20.931043628967743,17.30824691564469
C#CC1=CC(CCCCCCC)C1CCC,8.7543,6.3768234,0.271578147276999,2.3774766,5.655499399999999,29.685989742183853,45.95174389020361,11.311650876202734,12.754382044492854
CCCCCC(CC(C)O)C(C)O,8.1085,8.737939,0.0776270433397559,0.629439000000001,8.8952238,15.868826540050573,14.465333632190353,1.8000217213692993,1.768193848028864
CCC(C)OC(CC(C)C)NOC,8.8933,7.690794,0.135214825645276,1.202506,8.2424882,1.6957912136102415,1.8296877877240953,7.173436188773227,6.693296812969657
CCCOCCCCCC(C)C1CCCO1,9.8094,8.975982,0.0849611890287573,0.833418,8.6918904,6.29508022916794,7.10443380648242,3.1650197159486284,3.2684673520503664
CCC(CO)CC(C)CCCCOC,8.5481,8.690824,0.0166965237880554,0.142723999999999,8.811114,8.926123933973633,8.659676858113516,1.3841035096326963,1.3652076230088577
CC1OC1N(C(C)C)C(C)C,9.4485,8.361875,0.115005071663936,1.086625,7.773487599999999,12.43596761390697,15.115639986355674,7.03654862097317,7.569155960318252
CCCC(CCC)OCCC(C)CC,10.5955,9.074103,0.143588942908998,1.521397,8.7509578,12.689747534330605,15.364514727747853,3.5611806478282104,3.692683788281998
COCC(CN)CC1C=CCC(C)C(C)CC1,8.0578,6.8682218,0.147630648589424,1.1895782,6.7415774,10.129596167688458,12.107294058509224,1.8439183195860096,1.8785573833210014
CCCCC1CCNCNCC(OC)CC1,8.9736,7.441135,0.170774836224371,1.532465,7.661341199999999,9.05164928233931,10.602044456654673,2.959309298917422,2.8742513125508484
CCCCCOCCC1COCC1C,10.0143,8.457792,0.15542850902165,1.556508,8.465147799999999,10.476540547017782,12.393784784242065,0.08697068927681285,0.0868951159954837
CCCCCCCNC(C)CCC(C)CC,9.5886,7.6535616,0.201806145620627,1.9350384,8.0345274,10.992977076945536,13.119285647093562,4.977627670756583,4.741608075168183
CCCCCC(CC)C(CC)(CO)OC,7.8315,8.833109,0.127894899058614,1.001609,8.283862599999999,12.160666538977194,11.496600631690814,6.218041688379496,6.630317600873791
CCCCCCCCC1C(C)CCCC1C,10.1204,9.89659,0.0221147155399865,0.22381,9.6641888,0.4326785502549281,0.45310373075492627,2.3482957261036375,2.404766761179169
CCCCCCCCC=C(CCC)OO,8.5509,6.6173973,0.226116863914955,1.9335027,5.871898399999999,25.482716439205245,37.10897995101553,11.265741895231244,12.69604562640255
CCC1CCCCCC(CCCCCC(C)C)CC1,10.1801,9.851489,0.0322797352602001,0.328610999999999,9.6764378,0.03597410634472216,0.03784657201019843,1.776900933452805,1.8090458867001695
CCOC(=O)C(CCOCC(C)C)OC,8.7262,7.48001,0.142810154173202,1.24619,7.2465084,11.227012903669415,13.519498576721457,3.1216749710227703,3.2222635662714514
CCOC(=O)C=CC(C)C(=O)O,5.6595,5.3789883,0.049564755545329,0.280511700000001,5.6350844,8.403293577171125,8.439703227870018,4.761045864331042,4.544671948480499
CCCC1CCCC1CCC(C)OC,6.3221,9.1491165,0.447164156864536,2.8270165,8.96899,49.776023789563595,35.086336365633144,1.9687857292012851,2.008325352129951
CCSSCCC(O)OCC(C)CCO,6.8302,6.3386116,0.0719727675934521,0.4915884,5.9815949999999996,5.1038768996515484,5.827960602481447,5.632410100659908,5.968585302080809
C#CCCNC1CCC(CCC)N1CC,8.7509,7.85709,0.102139208957034,0.893809999999999,6.949266000000001,14.874287216172041,18.7305249216248,11.554201364627358,13.06359549339455
CCCCC1CCOCC=CC1(O)CC,9.1508,6.413177,0.299167612296497,2.737623,7.007789,17.954834549984707,23.44549757419923,9.271722891789821,8.485015744623585
CCCCC1CCC1CCC(C)C,10.4223,9.515126,0.0870416099774023,0.907174,9.7251616,1.8915057137100262,2.027096392927805,2.207386428724112,2.1597132123747893
CCCCCCCCC(CO)CCCC=O,9.8094,6.8804555,0.298585490047607,2.9289445,6.223853,31.455002344689788,49.576154835276476,9.543009180133495,10.549775195525985
CCOCCOCOCCCNC1C(CC)C1CO,8.2988,7.7535443,0.0657029533671225,0.5452557,7.6156116,2.2074082999951763,2.40543254595599,1.7789632026736402,1.8111834905025812
CC(C)CCOCC1(C)OCC1C,9.5689,8.802699,0.0800719947903841,0.766200999999999,8.632550799999999,4.560076915841951,5.054696000167187,1.9329094406159024,1.9710072253499122
C#CC1CCOCCC1ONCCNCCCCCC,8.7325,7.2912445,0.165045003511487,1.4412555,7.269917599999999,11.022987689665051,13.240623249980175,0.29250013492211,0.29335820807653895
CCC1(C)CCCCCC(N)(CC)O1,8.4653,8.421645,0.0051569153497517,0.0436549999999993,7.9683828,0.036416901940870335,0.03868790038551482,5.382110027197776,5.6882583502388995
CCOC(O)C(OC)C(C)CC=O,8.0616,6.667222,0.172965413440229,1.394378,6.2521618,16.24290711521287,20.943767002319113,6.225384425477359,6.638666964760895
CCNC1NC1C1CCC=CCNCC1,3.8512,6.536631,0.697297233934961,2.685431,6.1481814,72.62623078520981,45.49282491892644,5.942657616744765,6.318121973434282
CCCCCC(CCC)OCCCC(C)O,7.2658,8.280005,0.139586205925994,1.014205,8.7667454,27.539230366924492,22.82426725886211,5.878503696555745,5.552121999573529
CCC1CC(N)CC(C)CCCO1,8.5081,7.661236,0.0995362290844993,0.846864000000001,7.666513,4.014844677425048,4.455571913854453,0.06887922523206987,0.06883181441158999
CC=CNCC1CCC(C(C)C)CCS1,5.7382,5.9589868,0.038476658043601,0.2207868,6.0327686,13.847000801645112,13.170878127167018,1.23816015165531,1.2230172395473597
CCCCCCCCCC(CC)CCCCO,9.8877,9.448509,0.0444178912883084,0.439191000000001,9.228124399999999,1.6138798709507967,1.7292311317346563,2.3324801828521404,2.388184103803379
CCCCCCCCC(CC)C(C)CO,10.367,9.157076,0.116709184724799,1.209924,9.049016799999999,7.89025947718725,9.03947045385088,1.180062281889998,1.194154043343155
CCCC1C2CCCC3C1(C)C23C,8.3631,8.894054,0.0634877512933957,0.530954000000001,8.2492932,4.617823534335367,4.681530776479141,7.249346585932582,7.81595203816977
CCC(C)CCCCOCC(C)CC,8.0495,8.6757965,0.0778056411937465,0.626296500000001,9.0130864,18.182326852599545,16.23845966904301,3.8877110591517448,3.7422241952545803
CC(C)CCC1=C2CCCC(C2)C1N,8.0913,5.6591115,0.300593044407403,2.4321885,3.8018174000000005,46.83403902957497,99.67555517000895,32.81953536345766,48.85279603381265
CCCC(O)CCC(C)CCCO,10.1396,8.177025,0.193555481349502,1.962575,8.9074728,7.220474180441033,8.219247102275732,8.932928540636727,8.200393269794775
CC1CCCCC(CCCCCCO)C1,8.2904,8.814185,0.063179719014413,0.523785,9.1086286,15.900663417929165,14.472305962721979,3.3405652366043967,3.232578831900109
CCC1(C)CCOCCN(C)CC1CO,8.0913,7.6759644,0.0513311389432168,0.415335600000001,7.2974098,3.632175299395656,4.02732213284775,4.931687801991372,5.1875200978845974
C=CCCCC(C)CCCCCC(C)CC,8.0578,7.74117,0.0392948534954461,0.31663,7.4969323999999995,0.7553873265655737,0.8119000779572295,3.1550476220003025,3.2578338308079298
CCC(C)C1CC(C)CCC1C,9.2605,9.31155,0.0055126764624868,0.05105,9.547959399999998,8.503422061443741,8.247410436202712,2.5388834297189797,2.47602016405723
C1=CC=C(C2CCCC2)CCCC=C1,5.4051,5.040213,0.0675078892041324,0.364887,5.5444418,11.82849160977596,11.531220329519924,10.004116889504488,9.094311351595408
CCCCC(C)CCC(C)OC,10.4223,8.87094,0.148850041887582,1.55136,8.957557600000001,9.25652111338187,10.770150113240673,0.9764196353487014,0.9669778735221537
CCC(CC)CCOC(CCOC)OC,9.1141,8.753026,0.0396170758927424,0.361074,9.051738799999999,4.80177746568502,4.834858911306615,3.4126803690517864,3.3000598735791935
CC1CC=C(CC=O)CC1CC=N,4.0282,4.612246,0.144989334325391,0.584046,5.7573022,55.337426145673,38.71782516470996,24.826433802533515,19.888763178003753
CCCCC(CCCCOCC)C(C)CCC,9.6398,9.006597,0.0656863663928108,0.633203,8.9488472,1.9808792713541756,2.13382568427361,0.6411944489133893,0.645332283693478
CCCCC1CCCC(C)C1CCCCCO,10.4078,9.170257,0.118905377247347,1.237543,9.0128142,8.599183304829076,9.930148121770896,1.7168853610100578,1.7468772406292379
COCC(C)NCCC(C)COO,9.0439,7.8976936,0.126738062778978,1.1462064,7.0230322,16.816503941883482,21.65542968747887,11.074896600192236,12.4541846753885
CCCC1CC1(C)C(CO)CC(C)CCO,6.9089,8.784374,0.271457719327324,1.875474,8.4343892,29.31710113042597,24.014651825647316,3.984174626444635,4.149497867610847
COC1(C)CNCCCCC(C)C1,8.7115,8.1289215,0.0668746474442905,0.582578499999999,7.6948218,5.930990070596332,6.714622033222387,5.340188117205964,5.641452281585011
CC1OC(CCCCCCNO)ONCC1Cl,8.272,7.8161707,0.0551050903718753,0.4558293,6.872505600000001,10.873965183752407,13.088303631211287,12.073240672699212,13.731019731726352
CCCCCCCCCCC(C)CCCCCOC,7.7768,8.995882,0.15675882551972,1.219082,9.0961074,23.394036107396353,20.000944579876002,1.1141253297897789,1.1018493471174204
CC(C)c1c(CS)cccc1SN,3.9952,4.6482997,0.163471088821906,0.6530997,5.3699616,46.9253504205046,34.91201128887029,15.52528766593944,13.43886518667098
O=C1C=CC=CC=CC2=CC=CC2=S2C=CC=CC2=C1,1.3181,1.9205086,0.457028012383862,0.6024086,1.8760023999999995,80.25964646081476,56.39131378509962,2.317417375793084,2.3723956856345443
CCC(C(C)C)C(OC)OCOC,9.5498,8.9687605,0.0608431076653458,0.581039499999999,8.9246214,1.3107981318980495,1.4026208439497492,0.49214269909426894,0.4945767223246093
CCC(O)CCOCC=CCNOCC#N,7.0045,6.371376,0.0903881736601248,0.633124,6.7862182,4.021960168463135,4.151328349565893,6.51102995648037,6.113010041439586
CCCCCC#CCOC#CCCCCCC,8.8376,7.2019515,0.185078357953102,1.6356485,6.4840762,20.973157870915184,28.585780654459313,9.967788591744894,11.071358168184393
CC(C)CC1CCCC2CCC2C1,8.6248,9.624526,0.115912951473048,0.999725999999999,9.4461566,15.320431778128182,13.988298690707706,1.853279839443515,1.888274856675564
CCCCC1CCC(C)CCCCOC1,10.1801,8.893273,0.126406090944425,1.286827,8.6603152,10.017434013418338,11.775377413514928,2.6194832880987824,2.6899459733290216
C=C(C(C)C)C(C)CC(CC)CC,9.0348,7.752592,0.141918793244788,1.282208,7.1947904,14.831646522335868,18.62472046440715,7.195033609404446,7.752854065074646
CCCCCCC(CCCCCO)C(C)CC,9.7677,8.808803,0.0981702340699148,0.958897,9.1804894,0.8928468319051445,0.9499558923296486,4.219488164282952,4.048655619601298
CCC(=O)C1OC1(C)CNO,6.0324,5.7919407,0.039861300794557,0.2404593,6.038212599999999,8.384931370598746,8.376859734948697,4.251975507967461,4.078556293297774
OOC1CCCCCCCC12NCCCNON2,9.7336,7.2601852,0.254110992674938,2.4734148,6.5107517999999995,27.97370140544094,41.82079556465353,10.322510781129937,11.510704493450358
CCCC1C(C)CCCCCCC(CC)C1O,10.4978,8.68926,0.172278045960699,1.80854,8.721560199999999,12.157211987273532,14.633159328533912,0.37172555545579383,0.37034887404661976
CCC(C)CC(CC)C(C)CCO,10.6942,8.575223,0.198142640959102,2.118977,9.1167946,10.074670382076265,11.817809298895469,6.315539549233892,5.9403729464301085
CCCCCCCCCCCCCCCCCCCC,9.7336,9.9402075,0.0212262144925082,0.2066075,10.014782399999998,8.025626695159024,7.800293294440415,0.7502348416770799,0.7446482311986953
CCCCOC(C)CC(C)CC,9.8631,9.127298,0.0746014584560088,0.735802,8.9101948,4.591915320740944,5.0829999811003015,2.3786141309290043,2.436570747027892
CCCCOCC1CCC(CC)C1,9.1261,9.141022,0.0016350608162989,0.0149220000000003,9.099373799999999,5.185937037726953,5.201168898018009,0.45561863870364727,0.4577040235450149
OCCCCCC1C2COCC1(OO)C2,9.2917,8.362456,0.100007929472937,0.929244000000001,7.275905999999999,16.313419503427802,20.83306188947468,12.993192430549122,14.93353542500413
CCC(C)CCC(CC)(CC)C1CC(C)C1,10.641,9.198316,0.135577894894995,1.442684,9.385456,7.100310121229211,8.050157605554812,2.034502837258466,1.9939361497193042
COC1(C=O)CC2CCCC1CC2(C)O,5.5819,6.633213,0.188343224209121,1.051313,5.4216796,6.087167451942886,6.267054216925691,18.26465394673742,22.34608994600123
CCC1=CCCCC(=NO)N1,8.7509,6.490741,0.258277345637362,2.260159,5.538997799999999,30.989980459152783,48.960160265815624,14.663090084783864,17.182588518088977
CC(CCCCO)C1CCCCCCO1,9.2669,8.744162,0.0564091976998822,0.522738,8.706316999999999,0.653756919789802,0.6958510699759861,0.43280305191052953,0.43468437916975455
CCCC(C)(CC)NN(O)CO,8.5824,8.142796,0.0512216206720567,0.439603999999999,7.6199668,5.388157158836684,6.068703606425156,6.420757685689292,6.861305484953036
CCCCCCC1CCC(C)CCC1CC,7.1034,9.521616,0.340430777100496,2.418216,9.919240199999999,46.67962102655066,33.42836883816968,4.176015919986683,4.00861549859433
CCCCC1(C=O)OCCC1C,9.5886,7.429266,0.225198050189585,2.159334,5.6990514,35.34977577539995,59.47566291470891,23.289172846954195,30.359694597595666
C=CC(C)C(CCC)OCCCO,4.8583,7.3548126,0.51386547188735,2.4965126,7.1686592,57.84655537945371,39.20341477524835,2.5310420553747384,2.5967673285403254
CCCCCCC(CC(C)N)C(C)CC,9.7537,8.171788,0.162185815061238,1.581912,8.333130800000001,9.438153726278225,11.04709888869138,1.974387979717556,1.9361606564486142
COC(CO)CCCCC(O)CC(C)C,8.2089,8.606723,0.0484623800662786,0.397823000000001,8.2250674,6.287899718598113,6.275540064267443,4.434389255933997,4.640151641796883
CCCCCC(OCC)C(C)(C)C,9.7537,8.337554,0.145190647860165,1.416146,8.686718599999999,5.812987891774417,6.526991676695978,4.18785413563736,4.019522400552933
CCCCC(C)ON(C)C(CCCC)OC,9.0439,8.350118,0.0767127363846743,0.693782000000001,8.0601142,5.3493050564469025,6.002220167054228,3.4730503209655352,3.5980110554761238
CCC(C)NCC1(C)CCC1CCCC#N,3.9851,7.076362,0.775705034510081,3.091262,7.075294599999999,90.09045193345209,50.74268709602565,0.015084021987571618,0.015086297608019923
CCC1=CCC2C=CCCCCC2CC1,7.1949,6.3575726,0.116377912751811,0.8373274,6.6656336000000005,0.4067659036261677,0.4390640373632168,4.845575809861776,4.621631167965793
CCCCCC1CCC(C2CCCC(C)C(C)C2)C1,9.8374,9.495445,0.0347606835683368,0.341955,9.5634748,2.2981153556834046,2.363939935304679,0.7164466752216425,0.7113502301485617
CCCCOC1CCCCCC(C)CC1,10.5162,9.25304,0.120115601289372,1.26316,8.5710336,13.742287137939558,16.861051623925494,7.370619817919306,7.957107996869836
CC(CCOCC(C)(CO)CCCO)OO,9.9229,8.067684,0.186963067895073,1.855216,7.5995517999999995,18.375154440738097,23.992838630299236,5.802559941613979,6.159997488272931
C=C(C)C=C=C1CN(CCSC)C1C,4.661,4.842265,0.0388897509309925,0.181265000000001,5.1440356,21.090658656940573,19.11020211446437,6.232013324343036,5.866417409708427
CCCCC(C)CCC(O)CCCOC,9.0348,8.835255,0.0220863030515947,0.199545000000001,8.6948846,1.7718665604108488,1.841135418864551,1.5887532391538233,1.6144021048882018
CCC1CCCC(CC2CC(OC)C2)C1CC,8.4415,9.374161,0.110485194171837,0.932661000000001,8.730815,9.350411656696087,9.040564941531807,6.862971523531557,7.3686820760719485
CCCC(C)CCC(CCC)(CCC)COC,10.4097,9.218219,0.114458744881624,1.191481,8.827173799999999,10.399206509313446,12.263565038223243,4.242090581705649,4.430015867592872
CC1COCC1CCCC1CCCC1,7.8701,9.338789,0.186616305536912,1.468689,8.7877048,18.01253859544352,16.131684350616787,5.901024212025778,6.271082296710741
OCCOCCCCCCC1CCC1,7.8849,8.821926,0.118838047019412,0.937026,8.7762724,17.64603736255374,15.853796880780498,0.5175015070405219,0.5201935163270414
C=C(N)OC1OC(OC)CCC1CC,9.1594,8.246752,0.0996406112541956,0.912647999999999,6.868150399999999,19.556407624953607,26.08052380448746,16.716903818618544,20.072385135887554
CC1CCCC1CC(N)CCC1NCC1C,6.8553,7.474092,0.0902647596288054,0.618792,7.473795399999999,16.315776114830854,14.965560871521847,0.003968375021346062,0.003968532507598808
CCCCCC(C)CCCC(C)CCOCC,8.5836,9.117389,0.0621870456778929,0.533788999999999,8.963818199999999,10.254650729297706,9.819679296931728,1.6843725764031863,1.7132297484569767
CCCC(CCC1CC1)C1CC1C1CC1,10.4087,9.05501,0.130053720261037,1.35369,9.0795032,7.966381968929838,9.132623027215852,0.2704933511945345,0.26976365843452993
COC1OC2C(C)COC(C)CCCOCC12,8.6969,8.512857,0.0211618580029908,0.184042999999999,8.3260536,1.4850532948521935,1.5511982771766017,2.1943678837786242,2.243600737809333
CCCC(CCC)C(CC)C(C)COC,9.4283,8.587786,0.0891480202342739,0.840514000000001,9.019891399999999,0.9714519054336269,1.0154379464036416,5.0316274765114,4.790583177087912
CNNC(=O)C=CC=CC(C)NC,5.1489,3.758047,0.270126220380696,1.390853,4.6783014,0.5710229369379742,0.6284631426269235,24.48757027253783,19.67069500909026
CCCC1CCCOCCC(S)CNC1,9.0735,6.5997334,0.272636429970669,2.4737666,6.8493686,19.00183391194136,25.172121704765594,3.7825043054011873,3.6446454349091413
C=C(O)CCSC1[SH]=CCC(CC)=CC1SC,3.318,3.4965565,0.0538145028517288,0.1785565,4.6080738,53.95038577456298,38.846465523186716,31.788912891869458,24.121082869809936
CCC(C(C)C)C1CC1COC,9.1594,8.828102,0.0361702609541666,0.331298,9.2346572,6.28051182391859,6.229329227293888,4.605239042321891,4.402493684335134
CN(CCO)C(O)C(C)(O)CO,6.8591,8.04509,0.172907483733972,1.18599,7.398123799999999,15.148106894490516,14.044422992759314,8.041752174307575,8.745003699451495
CCCCC1C(C)C1CCCCC(C)C,9.9745,9.748009,0.0227070301240821,0.226491000000001,9.257794200000001,2.1725981252193063,2.340793015251945,5.028871023816234,5.295157673736131
CCCCCCC(CCCC)C(C)OC,9.2456,8.773853,0.0510239138615175,0.471746999999999,9.058815999999998,3.387730379856352,3.457582094613677,3.2478661313336072,3.1456980691516168
CCC(C)CCC(O)C(C)CC,9.9664,8.737442,0.1233101203442,1.228958,9.0296906,4.381816904800127,4.836371691406567,3.344784434620575,3.2365294996929426
CCCN(C#CC(C)C)CC(C)C,6.4328,6.9892645,0.0865042420439334,0.5564645,6.8006448,13.490933963437374,12.761213466111323,2.6987059940284173,2.7735561192668126
CC1CCCCC(C)OC(C)(C)O1,9.2917,8.593608,0.0751307185416172,0.698092000000001,8.6894406,1.100545648266746,1.1768237416802323,1.1151614083397754,1.1028627090217937
CN(C)CC(C=O)CSCCP=O,3.8216,5.119889,0.339723880704736,1.298289,3.1523481999999996,4.428820389365724,5.369070586808923,38.42936438661073,62.41508472953592
CCCNC1NC(=S)OC1CC,6.4095,5.988453,0.0656910973746856,0.421047000000001,5.4565212,7.067303221780175,8.3016043262143,8.882624611063989,9.748551879538189
CCCCCCCCCC(CC)COC(C)C,9.2456,9.203111,0.0045956244175332,0.0424889999999998,9.001109600000001,2.7635805139742327,2.8386455820958076,2.194925172585646,2.244183317132351
CCCCCCC(CCO)CC1CCC1,10.5824,8.740086,0.174092304032484,1.842314,9.1369374,8.934292788025392,10.347697030298129,4.540589188710512,4.343374400266778
CCCC(CO)CCOCCC(CC)CC,9.9457,8.922487,0.102879912031216,1.023213,8.8222742,6.268294840986553,7.066497661113272,1.1231487364453379,1.135906657718704
CCC1CCCCC(C)CCC1C,10.1396,9.689471,0.0443931471841086,0.450129,9.1960048,4.374878693439573,4.823781736173071,5.092808472206569,5.3660933278329574
CCCCCCC1CCC(CCCCC)C1,9.9745,9.617,0.0358414330382809,0.3575,10.110052399999999,6.371772018647532,6.2863413052141865,5.126883643547863,4.876853061612204
CCCC(COCCCC(O)CO)OC,8.4148,8.80978,0.0469387413663557,0.39498,8.3745052,5.463055568759806,5.48934162701338,4.940813504991047,5.197618123157893
C=C=NCC(=O)NCCC(NOC)=[N+](C)[O-],6.1983,4.123355,0.334760351740929,2.074945,4.8021524,14.457957827146153,18.66137359572345,16.4622594949986,14.13527400754711
CCCC(C)CC(C)CCC(O)CC,9.4969,8.8704,0.0659688499645176,0.6265,9.0460226,0.5172487864461084,0.543029817325467,1.9798723845598905,1.9414344598254762
CC(O)(CCCCCCCO)COO,8.3254,8.0430765,0.0339111015449403,0.2823235,7.970016,1.7370456674754378,1.8145007488065277,0.9083651013390154,0.9166920116596946
C=CCCCCCCC1CC(=C)C1,6.0098,6.451852,0.073555167357915,0.442051999999999,7.044808199999999,25.54175180538452,21.78921208954985,9.190480500792637,8.41692467936884
CCCC1CCCC(OC)C(CCNNO)CC1,8.203,6.9811177,0.148955537562804,1.2218823,8.2228898,6.337800804583707,6.322470720694826,17.787582925295766,15.10140753680051
CCOC(CC)C(CN)(COC)CC(C)CC,10.2752,8.412952,0.181237112358328,1.862248,7.866307799999999,18.577664668327635,24.266685826862783,6.497650289696197,6.949183961502271
C=CCCC[SH]1CCCCCC1CC,5.1936,5.383629,0.0365890413614533,0.190029,4.8127682,2.294520178681451,2.476084345803312,10.603643007346907,11.861381564148472
CCOCCOCCC(COOCOC)OC,8.7463,8.778719,0.00370659002827,0.0324190000000009,7.3796142,9.90917073505368,11.744323978345642,15.937459668090534,18.95905073194749
CCCCNCC1(CCOC)CC(C)C1,8.3631,7.841213,0.0624035075129605,0.521887,7.4288824,5.1920651433080955,5.844992242709338,5.258505284832841,5.550371883663144
COCC1CCCCCCN1CC(O)O,8.7283,8.010677,0.0822179189937922,0.717623000000001,7.1735587999999995,12.084153844391247,14.703179124983285,10.450030627873275,11.669496596305867
CC1CCC(C)CC(N)CC(CN)CC1,9.0675,7.9694395,0.121098482875019,1.0980605,7.6635188,9.969464571271027,11.795902425397593,3.8386727197063193,3.9919090431408573
C=C1C=CC=C(C(=C)CC(=CNO)CNO)N1,3.5751,4.0262733,0.126198777818756,0.4511733,3.4003224,9.096875611870994,9.564457770239667,15.546657004133325,18.408575022180244
CCC1OC(CCC(O)COO)CCC1C,8.5481,8.369445,0.020899983960537,0.178654999999999,7.502376399999999,6.384150863934682,7.274009872391908,10.359929481584517,11.557252712620517
CC(C)OC(C)CC1CCCC(C(C)C)C1,9.8877,9.260845,0.0633974347597347,0.626855000000001,8.4153352,9.834084771989453,11.554676990169105,9.129942246090938,10.047250405426517
CC(O)(CO)C(C)(O)OCCO,9.1746,8.350842,0.0897867508238928,0.823758,8.172804999999999,5.469393761035918,6.139813686977744,2.1319646569771233,2.1784075357236787
C=CCCCC(=O)CN(C)C1(C)C(=O)C1CCCC,8.6236,4.789413,0.444615592639816,3.834187,4.9189262000000005,37.16167030010668,65.14986543201235,2.704156020790038,2.6329567619859953
C=CCOCCCOCOC1CCC(C)N1C,8.6281,7.536328,0.126536799654883,1.091772,6.018342,24.452173711477617,35.05546876531776,20.14224964730835,25.22266099201409
CC(C)CCCCCCCC(C)OO,8.5824,8.499701,0.0096359356048834,0.0826989999999999,7.907409999999999,2.0389401565995655,2.212987564828447,6.968374534586584,7.490328691695527
CC=C1C=C=CC=CC=C1C(=O)O,3.7981,3.657597,0.0369929530628672,0.140503,3.9283904,16.59488691714279,16.04449496669171,7.4035876560484954,6.893240549615437
CC1=CCCC(C)CC(C)CCC1,7.3048,6.837242,0.064006937018831,0.467558,6.864611799999999,0.8188013361077445,0.8713063716144668,0.400304684257174,0.3987086349150712
CCCCC1CCCCCCCCC(C)(C)CC1C,9.2794,9.81139,0.0573302070280085,0.531989999999999,9.4804538,7.554947518158486,7.3947282987656004,3.3729797714696903,3.490721087634012
C=CCCC=S(CCC)CC(=C)C(C)C,9.1631,4.951079,0.459672066030694,4.212021,4.258024600000001,48.074073184839186,103.45349813150442,13.998047698289593,16.276430154959634
COCCCC=NNC1C(C)CCCCC1N,7.8849,6.375429,0.191438172526933,1.509471,5.9505642,18.19091935217949,24.10419838844862,6.664097427796623,7.1399078426882605
CCCCCCCCCCC(C)CCCCO,9.4969,9.049661,0.0470931901274919,0.447239,9.2292132,2.4462003390580094,2.517150649418307,1.984076530601531,1.9454767823545331
CC(CCCC1CCCC(C)O1)OO,9.0439,8.395813,0.0716601257995722,0.648087,7.481144799999999,11.751071993277252,14.205783050743806,10.894337451298657,12.226313277614963
COCCOCCCCC(CC(CO)OO)OCO,10.2149,8.928303,0.125952993676631,1.286597,7.4942104,21.73970963983984,29.6320690435913,16.062320017589006,19.136006643208198
CCC(CO)CCC(C)C(C)OC,8.0495,8.698501,0.0806262045145346,0.649001,8.8413282,16.048552083980365,14.611245853309681,1.6419748644047896,1.6154495882191013
CCCCCCCN(C)CCOC(C)OC,8.0516,7.946832,0.0130120497760454,0.104768000000001,7.8551476,3.77002831735306,3.8643144019343323,1.1537226406698937,1.1671887616726657
CCCC(C)(C)C1CC(CC)C1C,8.7262,9.371406,0.0739388968281113,0.645206,9.1382984,10.452412275675547,9.981052927752936,2.4874346496139457,2.550886278784684
CCC1CCC(C)CCC(OO)C(C)C1,8.2182,7.9861135,0.0282405455843361,0.232086499999999,7.9803596,3.189988075247626,3.2850599865199106,0.07204881323061839,0.07210076097322983
CCC1C2N=C(C)N=CC=C2OC(CCCO)C1C,7.3152,4.846401,0.337488897829231,2.468799,4.7556062,28.154989610673663,43.30875420256623,1.873447946218241,1.909216116338655
CCC1CCCC1COCCCCC(C)C,9.6644,8.82402,0.0869562118970462,0.84038,9.0596326,1.0840548818343616,1.1564199634320718,2.6701276742346414,2.6006860366500915
CCOC(CN)CCCCC(C)C(C)N,8.8933,8.135116,0.085253435341873,0.758184,8.144224,2.8007151451092454,3.058314702542569,0.11195906733228451,0.11183385918657751
CCCCC(CC(C)C(C)N)SCSN,8.2244,7.166034,0.128686077811248,1.058366,6.5431436,14.362827683478427,18.053346712427338,8.692261298229958,9.519742161856271
CCCCCC1CC1OC(O)CCCCCOCOC,10.3278,8.820791,0.145917693554597,1.507009,8.4997172,12.85930014136603,15.62502338313092,3.639966075604791,3.7774645019954387
CCC(=CCCO)c1cccc(C)c1CC,4.3826,5.6717243,0.294146013658104,1.2891243,6.2927196,54.99291744626477,38.300127022980654,10.948968376336623,9.86847244870087
C=CC(CC)OCC1CCC(C)C1,6.9779,7.8524966,0.125338085096221,0.8745966,7.0344646,7.9761045586781085,7.911968168835476,10.417476653221353,11.628916293075106
CC(O)C=C(CCC(C)CO)CP(C)C,6.5244,6.9550676,0.0660087723901845,0.4306676,6.1138842,1.371531481822087,1.4636227490209943,12.094539526833636,13.758575931156813
C=C1CCCCCC(C)CC(C)C1,8.3254,7.2883854,0.124560334490192,1.0370146,7.0366422,9.474112955533668,11.209292409382417,3.454032493945778,3.577604102138374
CCCC(C(C)O)C(C)(C)CC,10.4157,8.609581,0.173403516455702,1.806119,9.046567,8.344451165068117,9.607323971623709,5.075578010126152,4.830406937791974
CCCC(OC)OC(C)C1CCCC1,10.1396,9.004092,0.111987433775327,1.135508,8.818191200000001,8.100998066984877,9.3149352443163,2.064625727946792,2.1081511591628774
C=C1CC(CC)=CC(NCO)C1C,6.4751,5.351907,0.173463455942268,1.123193,6.599488999999999,9.642924433599465,9.461171918007578,23.310980553286885,18.90422122076421
COC(CC(CO)SO)OCS,7.2303,7.1746163,0.0077014319153409,0.0556836999999995,5.9451202,10.859574291523172,13.207130782654316,17.13675057438264,20.680761004630327
CC1CCCC1CCCCC1CCCC1,9.9585,9.500523,0.0459885913013617,0.457977000000001,9.841391,3.8448661947080276,3.8906187143666884,3.587886687922343,3.463616068094443
CC1OCCC2CC(C)C3(C)CC1C3C2,9.7799,9.011932,0.0785251001496053,0.767968,8.021461799999999,12.867597828198656,15.6883898643013,10.990653280561824,12.34775187734486
CCOCC(OCC)C(CC)CCOC,8.7283,9.127629,0.0457510947252422,0.399329,8.830440199999998,6.898711089215509,6.81891487131069,3.2559254982866026,3.365503794476775
COCC(C)OCCCOCN(C)CCCO,7.2658,8.07885,0.111900932103893,0.81305,8.0269058,17.356737042032538,15.710982929437145,0.6429652735228336,0.6471260694251506
C=C(CC)CCCNC(C)C(C)C(C)CO,8.7896,6.9706964,0.206938148575614,1.8189036,6.6936702,18.157024210430514,23.842372753889197,3.9741538592901553,4.138629357628045
CCOC(CCCCCCCC(C)C)C1CCC(O)C1,8.7543,8.886283,0.0150763534305886,0.131983,8.5179546,3.011715385581929,3.095280644017507,4.144909632070024,4.324141384834349
CCCCCC1CCCC1(CC)CC,8.8021,9.398696,0.0677788193430825,0.596596,9.601855,14.766419377194092,13.536498936924177,2.1615658172155072,2.1158307431220447
C1=CC=NC(Nc2ccccc2)=CC=C1,3.6871,3.1604621,0.14283254019772,0.5266379,3.3151238,3.4722085107537035,3.861810530273403,4.893641977228573,4.66533708333908
CCC(O)CCCC1CCCCOCC1,8.2995,8.351986,0.0063239871554291,0.052486,8.5250318,8.741873606843793,8.510605203842179,2.0719119979367853,2.029855184821722
CCCCCC(C)CCC(N)CCCN,8.305,7.3317595,0.117187302490087,0.973240499999999,8.1894092,4.628647802528602,4.693979634086428,11.697733674979377,10.472668773224807
CN1CCCCCCCCCCCOC1,8.9736,7.7052765,0.141339430188797,1.2683235,7.6343933999999996,9.351950164928233,10.992446367775596,0.9199293497125058,0.9284706234813697
CC=CCCC=C1CCCCCCCCC1,7.3339,6.0572643,0.174073231431717,1.2766357,6.710818799999999,1.6782503170209653,1.834071276071417,10.78959853212942,9.738819054390195
CCCCNCCOCCCC(C)COCC,8.8376,8.031061,0.0912622009951399,0.806539000000001,8.2452102,1.0454173078663824,1.1205269211935847,2.6665119341018753,2.5972557982815445
CCC1(CCNCOC)CCC(C)CC1,9.0348,8.004981,0.113983592226215,1.029819,7.8799178,7.248441581440655,8.31077451087117,1.5623172622146195,1.5871130026254903
